,industry,percentage,funds_raised,stage,country,laid_off_count,month,day,year
0,2,1.0,197.0,4,59,3,6,23,2023
1,19,0.09,141.0,4,59,3,6,22,2023
2,19,0.265282,300.0,14,59,4,6,21,2023
3,27,0.265282,25200.0,13,59,2,6,21,2023
4,13,0.265282,148.0,4,59,1,6,21,2023
5,9,0.4,134.0,4,7,0,6,21,2023
6,12,0.265282,306.0,12,59,3,6,21,2023
7,27,0.11,16500.0,13,48,4,6,20,2023
8,17,0.265282,157.0,14,34,4,6,20,2023
9,9,1.0,13.0,0,58,3,6,20,2023
10,18,0.2,88.0,0,22,1,6,19,2023
11,10,1.0,2.0,1,59,3,6,19,2023
12,12,1.0,80.0,4,59,1,6,18,2023
13,12,0.8,24.0,2,22,2,6,17,2023
14,27,0.265282,3300.0,13,59,4,6,16,2023
15,27,1.0,4.0,1,58,3,6,16,2023
16,23,0.265282,194.0,14,59,3,6,16,2023
17,12,0.33,51.0,2,59,2,6,15,2023
18,27,0.6,157.0,15,50,1,6,15,2023
19,3,0.265282,157.0,15,59,3,6,15,2023
20,12,0.265282,157.0,14,59,3,6,15,2023
21,5,0.9,17.0,2,22,3,6,15,2023
22,3,1.0,84.0,3,59,4,6,14,2023
23,2,0.07,455.2,13,59,2,6,14,2023
24,27,0.24,340.0,13,59,2,6,14,2023
25,9,0.11,184.0,13,59,1,6,14,2023
26,23,0.265282,111.0,0,22,1,6,14,2023
27,7,0.18,50.0,3,59,3,6,14,2023
28,25,0.265282,119.0,4,59,0,6,13,2023
29,9,0.15,284.0,14,59,4,6,12,2023
30,20,0.12,469.0,7,59,2,6,12,2023
31,5,0.04,227.0,13,59,1,6,12,2023
32,18,1.0,4.0,1,59,3,6,12,2023
33,7,0.15,529.0,8,58,3,6,12,2023
34,3,0.4,253.0,0,59,1,6,11,2023
35,2,1.0,157.0,0,48,3,6,11,2023
36,5,0.35,40.0,3,5,2,6,9,2023
37,12,0.09,1100.0,13,59,1,6,9,2023
38,25,0.1,288.0,6,59,1,6,9,2023
39,7,0.265282,229.0,4,59,2,6,8,2023
40,12,0.12,891.0,5,59,2,6,8,2023
41,24,0.15,644.0,7,59,2,6,8,2023
42,4,0.265282,805.0,6,59,3,6,8,2023
43,26,0.265282,484.0,13,59,3,6,8,2023
44,25,1.0,7.0,1,59,3,6,8,2023
45,5,0.265282,5500.0,12,22,4,6,7,2023
46,7,0.265282,4100.0,13,5,4,6,7,2023
47,4,0.265282,340.0,14,59,1,6,7,2023
48,12,0.265282,324.0,14,59,0,6,7,2023
49,21,0.265282,905.0,0,59,3,6,7,2023
50,13,0.08,349.0,13,59,3,6,7,2023
51,0,0.265282,233.0,5,59,3,6,7,2023
52,16,0.265282,157.0,13,59,2,6,6,2023
53,13,0.12,462.0,13,59,2,6,6,2023
54,2,0.05,1300.0,7,59,1,6,6,2023
55,2,0.27,165.0,0,1,1,6,6,2023
56,25,0.09,364.0,5,59,1,6,6,2023
57,19,0.265282,1300.0,13,59,1,6,6,2023
58,3,0.265282,23.0,1,28,0,6,6,2023
59,12,1.0,157.0,0,59,3,6,6,2023
60,18,0.02,2100.0,13,52,2,6,5,2023
61,7,0.265282,19.0,2,59,0,6,5,2023
62,21,0.265282,310.0,4,59,3,6,5,2023
63,9,0.05,274.0,4,59,3,6,3,2023
64,24,0.03,7.0,13,59,2,6,2,2023
65,19,0.265282,307.0,6,17,1,6,2,2023
66,9,1.0,423.0,0,59,3,6,2,2023
67,7,0.7,157.0,15,59,4,6,1,2023
68,20,0.265282,192.0,4,59,2,6,1,2023
69,12,0.265282,9.0,3,22,2,6,1,2023
70,17,0.1,394.0,13,59,1,6,1,2023
71,15,0.265282,141.0,3,59,3,6,1,2023
72,10,0.1,332.0,4,17,3,6,1,2023
73,19,0.265282,157.0,0,59,3,6,1,2023
74,25,0.05,696.0,13,59,3,6,1,2023
75,7,0.19,161.0,5,59,0,6,1,2023
76,26,0.08,85.0,14,59,4,5,31,2023
77,22,0.2,769.0,13,59,4,5,31,2023
78,19,0.25,216.0,3,59,2,5,31,2023
79,21,0.265282,214.0,0,17,1,5,31,2023
80,13,0.3,173.0,5,59,0,5,31,2023
81,7,0.2,330.0,5,17,2,5,30,2023
82,23,0.265282,254.0,0,22,0,5,30,2023
83,7,0.265282,219.0,14,59,3,5,30,2023
84,3,0.265282,88.0,3,48,3,5,30,2023
85,13,0.265282,109.0,0,59,3,5,30,2023
86,15,0.1,817.0,0,59,2,5,26,2023
87,22,0.1,157.0,13,59,1,5,26,2023
88,12,0.265282,292.0,12,58,2,5,25,2023
89,17,0.3,50.0,3,22,1,5,25,2023
90,9,0.265282,12.0,1,17,0,5,25,2023
91,2,0.12,244.0,14,59,3,5,25,2023
92,5,0.12,643.0,7,59,2,5,24,2023
93,17,0.11,157.0,14,59,2,5,24,2023
94,9,0.16,1000.0,3,17,2,5,24,2023
95,11,0.07,900.0,13,25,1,5,24,2023
96,4,0.07,157.0,15,9,3,5,24,2023
97,5,0.3,148.0,5,41,3,5,24,2023
98,9,0.265282,157.0,15,22,4,5,23,2023
99,11,0.265282,157.0,13,25,0,5,23,2023
100,2,0.08,542.0,0,17,3,5,23,2023
101,7,0.265282,119.0,5,59,3,5,23,2023
102,21,0.265282,30.0,13,59,1,5,22,2023
103,12,1.0,157.0,0,59,3,5,22,2023
104,16,0.265282,30.0,3,59,3,5,22,2023
105,12,0.265282,157.0,14,59,3,5,20,2023
106,7,0.265282,150.0,3,17,0,5,19,2023
107,7,0.14,621.0,5,59,1,5,18,2023
108,24,0.265282,17.0,2,59,3,5,18,2023
109,4,0.15,414.0,5,59,3,5,18,2023
110,19,1.0,15.0,1,25,3,5,18,2023
111,9,0.265282,150.0,4,59,3,5,18,2023
112,27,0.3,648.0,13,59,3,5,18,2023
113,7,0.1,480.0,0,59,0,5,17,2023
114,19,0.4,425.0,12,59,3,5,17,2023
115,12,0.11,157.0,14,59,4,5,16,2023
116,7,0.26,700.0,6,58,4,5,16,2023
117,7,0.03,481.0,13,59,1,5,16,2023
118,15,0.265282,7.0,0,59,3,5,16,2023
119,7,0.85,20.0,2,5,3,5,16,2023
120,9,1.0,30.0,0,59,3,5,13,2023
121,27,0.3,2100.0,5,59,4,5,12,2023
122,27,0.265282,30.0,13,43,2,5,12,2023
123,7,0.35,21.0,14,22,2,5,12,2023
124,23,0.33,157.0,0,59,0,5,12,2023
125,12,0.265282,87.0,4,22,0,5,12,2023
126,14,0.1,298.0,5,59,3,5,12,2023
127,3,1.0,43.0,2,59,3,5,12,2023
128,9,0.11,31.0,14,8,0,5,11,2023
129,7,0.265282,992.0,6,59,1,5,11,2023
130,14,0.08,233.0,13,59,3,5,11,2023
131,19,0.265282,1.0,13,59,2,5,10,2023
132,23,0.23,55.0,13,1,1,5,10,2023
133,19,0.06,235.0,13,59,1,5,10,2023
134,22,0.1,153.0,14,59,1,5,10,2023
135,25,0.03,35.0,13,59,4,5,9,2023
136,25,0.14,154.0,14,59,2,5,9,2023
137,19,0.06,91.0,13,25,1,5,9,2023
138,18,0.265282,32.0,0,59,3,5,9,2023
139,7,0.15,530.0,13,59,3,5,9,2023
140,22,0.04,154.0,14,59,4,5,8,2023
141,5,0.265282,121.0,0,22,2,5,8,2023
142,12,0.6,157.0,5,25,1,5,8,2023
143,7,0.265282,11.0,1,59,0,5,8,2023
144,3,1.0,27.0,0,1,3,5,8,2023
145,12,0.25,503.0,13,59,4,5,5,2023
146,23,0.15,1100.0,7,22,4,5,5,2023
147,5,0.265282,118.0,3,22,1,5,5,2023
148,7,0.33,45.0,3,59,3,5,5,2023
149,23,0.2,122.0,13,7,4,5,4,2023
150,28,0.15,1700.0,13,59,4,5,4,2023
151,17,1.0,157.0,0,59,1,5,4,2023
152,3,0.33,205.0,3,59,0,5,4,2023
153,7,0.1,100.0,0,25,0,5,4,2023
154,23,0.28,34.0,2,25,0,5,4,2023
155,4,0.14,70.0,4,58,3,5,4,2023
156,19,0.08,1300.0,13,59,4,5,3,2023
157,19,0.15,168.0,13,59,2,5,3,2023
158,27,0.265282,1300.0,8,23,2,5,3,2023
159,12,0.33,185.0,5,59,1,5,3,2023
160,19,0.265282,974.0,14,59,0,5,3,2023
161,18,0.13,28.0,4,59,0,5,3,2023
162,17,0.1,145.0,13,59,3,5,3,2023
163,12,0.2,212.0,4,59,3,5,3,2023
164,25,0.13,146.0,3,59,1,5,2,2023
165,27,0.08,105.0,3,1,0,5,2,2023
166,4,1.0,157.0,1,16,3,5,2,2023
167,21,0.265282,114.0,3,59,0,5,1,2023
168,12,0.265282,1600.0,0,22,3,5,1,2023
169,4,0.265282,157.0,0,22,2,4,29,2023
170,12,0.3,899.0,13,59,0,4,28,2023
171,7,0.04,1700.0,6,59,1,4,28,2023
172,12,0.265282,94.0,3,59,0,4,28,2023
173,2,1.0,15.0,2,59,3,4,28,2023
174,9,1.0,157.0,0,1,3,4,28,2023
175,19,0.16,1700.0,13,59,4,4,27,2023
176,4,0.11,613.0,13,59,4,4,27,2023
177,27,0.11,1300.0,13,59,2,4,27,2023
178,22,0.12,110.0,12,59,2,4,27,2023
179,4,0.265282,150.0,3,59,1,4,27,2023
180,10,0.265282,30.0,14,59,1,4,27,2023
181,13,0.16,98.0,13,1,1,4,27,2023
182,23,0.2,26.0,4,1,1,4,27,2023
183,19,0.14,140.0,3,59,1,4,27,2023
184,7,0.29,5.0,1,22,0,4,27,2023
185,2,0.5,110.0,4,59,3,4,27,2023
186,9,0.25,9.0,3,48,3,4,27,2023
187,5,0.265282,157.0,0,22,4,4,26,2023
188,7,0.33,79.0,3,59,0,4,26,2023
189,1,1.0,163.0,3,7,3,4,26,2023
190,5,0.265282,17.0,2,22,4,4,25,2023
191,7,0.5,272.0,5,59,2,4,25,2023
192,9,0.4,1000.0,3,17,4,4,24,2023
193,19,0.04,157.0,14,59,4,4,24,2023
194,13,0.13,337.0,6,59,0,4,24,2023
195,27,0.26,4900.0,13,59,4,4,21,2023
196,19,0.09,411.0,7,59,1,4,21,2023
197,5,0.265282,192.0,14,59,3,4,21,2023
198,18,0.15,696.0,13,59,2,4,20,2023
199,2,0.3,50.0,3,22,1,4,20,2023
200,7,0.265282,190.0,5,22,1,4,20,2023
201,10,0.12,192.0,5,59,0,4,20,2023
202,18,0.1,157.0,0,59,3,4,20,2023
203,11,0.265282,850.0,13,59,3,4,20,2023
204,25,0.09,157.0,13,59,4,4,19,2023
205,19,0.1,307.0,13,59,2,4,19,2023
206,21,0.22,1900.0,13,59,4,4,18,2023
207,23,0.1,157.0,0,45,4,4,18,2023
208,10,0.09,257.0,7,1,1,4,18,2023
209,3,0.09,149.0,3,59,0,4,18,2023
210,9,1.0,3.0,1,1,3,4,18,2023
211,2,0.25,157.0,1,41,2,4,17,2023
212,7,0.15,304.0,5,59,1,4,17,2023
213,5,0.03,389.0,5,7,1,4,17,2023
214,9,0.25,579.0,5,16,0,4,17,2023
215,7,0.265282,42.0,2,22,3,4,17,2023
216,18,0.265282,94.0,4,40,3,4,17,2023
217,25,1.0,157.0,0,25,3,4,16,2023
218,7,0.2,85.0,4,59,1,4,14,2023
219,3,0.17,18.0,2,59,0,4,14,2023
220,12,0.18,127.0,3,59,3,4,14,2023
221,9,0.265282,139.0,4,23,3,4,14,2023
222,25,0.265282,849.0,7,59,2,4,13,2023
223,4,0.4,282.0,4,59,2,4,13,2023
224,18,1.0,157.0,1,22,3,4,13,2023
225,28,1.0,20.0,2,58,3,4,13,2023
226,3,1.0,157.0,0,36,3,4,13,2023
227,24,0.265282,59.0,12,59,3,4,13,2023
228,19,0.04,366.0,13,59,4,4,12,2023
229,12,0.265282,347.0,13,59,2,4,12,2023
230,12,0.265282,5900.0,13,59,1,4,12,2023
231,9,1.0,86.0,2,1,4,4,11,2023
232,21,0.04,320.0,13,59,2,4,11,2023
233,17,0.4,105.0,4,58,1,4,11,2023
234,12,0.25,19.0,0,8,1,4,11,2023
235,17,0.265282,157.0,13,59,3,4,11,2023
236,27,0.1,92.0,4,22,3,4,11,2023
237,5,0.265282,81.0,3,59,3,4,11,2023
238,15,0.08,399.0,5,59,1,4,10,2023
239,6,0.37,13.0,0,59,0,4,10,2023
240,7,0.25,71.0,3,22,2,4,9,2023
241,12,0.265282,222.0,5,22,1,4,8,2023
242,12,0.92,409.0,13,59,2,4,7,2023
243,12,0.265282,138.0,4,59,2,4,7,2023
244,7,0.2,120.0,4,22,2,4,7,2023
245,25,0.05,157.0,13,7,0,4,6,2023
246,27,1.0,157.0,1,17,0,4,6,2023
247,9,0.3,382.0,0,22,4,4,5,2023
248,4,0.13,311.0,13,59,1,4,5,2023
249,23,0.4,157.0,3,22,4,4,4,2023
250,12,0.265282,96.0,14,59,2,4,4,2023
251,23,0.265282,30.0,0,1,0,4,4,2023
252,7,0.2,37.0,3,59,0,4,4,2023
253,23,0.265282,157.0,12,35,3,4,4,2023
254,19,0.2,157.0,14,59,4,4,3,2023
255,19,0.23,2300.0,13,59,2,4,3,2023
256,7,0.11,339.0,6,59,1,4,3,2023
257,22,0.12,42.0,0,59,0,4,3,2023
258,23,0.265282,6200.0,13,59,3,4,3,2023
259,7,0.265282,1800.0,5,58,3,4,3,2023
260,5,0.45,130.0,5,51,1,3,31,2023
261,4,0.265282,181.0,3,59,0,3,31,2023
262,18,0.265282,683.0,14,9,2,3,30,2023
263,18,0.06,208.0,13,59,2,3,30,2023
264,7,0.13,157.0,13,59,2,3,30,2023
265,2,0.75,50.0,3,22,2,3,30,2023
266,7,0.25,24.0,2,59,0,3,30,2023
267,24,0.15,116.0,4,59,0,3,30,2023
268,18,0.265282,2100.0,13,52,0,3,30,2023
269,17,0.17,157.0,0,59,3,3,30,2023
270,22,0.9,157.0,14,48,3,3,30,2023
271,13,0.265282,157.0,13,59,3,3,30,2023
272,15,0.15,157.0,4,32,3,3,30,2023
273,5,0.12,838.0,9,22,3,3,30,2023
274,12,0.265282,5.0,14,59,4,3,29,2023
275,2,0.06,2.0,13,59,4,3,29,2023
276,11,0.265282,157.0,13,59,4,3,29,2023
277,23,0.265282,119.0,14,59,2,3,29,2023
278,12,0.28,59.0,13,59,0,3,29,2023
279,19,0.25,37.0,3,2,3,3,29,2023
280,7,0.265282,9.0,1,36,3,3,29,2023
281,27,0.3,504.0,13,59,3,3,29,2023
282,27,0.18,8300.0,13,59,4,3,28,2023
283,23,0.265282,62.0,14,59,2,3,28,2023
284,27,0.33,314.0,13,59,1,3,28,2023
285,4,0.265282,17.0,14,59,4,3,27,2023
286,12,0.35,143.0,13,59,3,3,27,2023
287,7,0.265282,250.0,0,59,2,3,24,2023
288,2,0.265282,157.0,14,59,3,3,24,2023
289,23,0.265282,300.0,13,16,4,3,23,2023
290,4,0.265282,500.0,14,59,2,3,23,2023
291,23,0.265282,146.0,0,56,1,3,23,2023
292,19,0.25,15.0,2,16,0,3,23,2023
293,10,0.15,5.0,14,59,4,3,22,2023
294,11,0.265282,157.0,13,53,4,3,22,2023
295,10,0.15,204.0,14,59,1,3,22,2023
296,27,0.16,376.0,13,58,0,3,22,2023
297,4,0.265282,80.0,3,7,3,3,22,2023
298,21,0.27,365.0,6,59,3,3,22,2023
299,9,0.265282,157.0,14,58,4,3,21,2023
300,11,0.04,157.0,13,59,4,3,21,2023
301,10,0.1,131.0,0,24,2,3,21,2023
302,7,0.1,331.0,0,7,1,3,21,2023
303,10,0.265282,157.0,2,17,1,3,21,2023
304,9,0.265282,101.0,2,1,0,3,21,2023
305,7,0.04,62.0,4,22,0,3,21,2023
306,28,0.265282,3300.0,13,59,3,3,21,2023
307,2,0.265282,17.0,2,1,3,3,21,2023
308,17,0.265282,145.0,3,59,3,3,21,2023
309,7,0.1,130.0,13,35,3,3,21,2023
310,23,0.265282,108.0,13,59,4,3,20,2023
311,2,0.1,57.0,4,41,3,3,20,2023
312,23,0.02,431.0,7,22,2,3,17,2023
313,19,0.25,148.0,4,7,1,3,17,2023
314,21,0.265282,23.0,0,59,3,3,17,2023
315,26,0.02,484.0,13,59,2,3,16,2023
316,16,0.265282,157.0,13,59,2,3,16,2023
317,8,0.28,157.0,14,2,1,3,16,2023
318,5,0.15,477.0,4,59,1,3,16,2023
319,23,0.21,71.0,13,59,0,3,16,2023
320,10,0.265282,31.0,3,59,3,3,16,2023
321,17,0.265282,778.0,0,59,2,3,15,2023
322,23,0.3,17.0,2,22,1,3,15,2023
323,23,0.25,365.0,13,59,0,3,15,2023
324,7,0.265282,4100.0,13,5,0,3,15,2023
325,7,0.3,24.0,3,35,0,3,15,2023
326,21,0.265282,172.0,0,59,3,3,15,2023
327,2,0.265282,26000.0,13,59,4,3,14,2023
328,23,0.1,581.0,6,59,2,3,14,2023
329,3,0.2,487.0,5,59,1,3,14,2023
330,11,0.14,106.0,4,7,1,3,14,2023
331,11,0.265282,157.0,13,59,0,3,14,2023
332,7,0.3,16.0,2,59,0,3,14,2023
333,27,0.265282,1300.0,13,23,4,3,10,2023
334,2,0.265282,157.0,0,27,1,3,10,2023
335,7,0.15,681.0,13,35,2,3,9,2023
336,9,0.265282,157.0,0,23,2,3,9,2023
337,9,0.02,3400.0,9,59,2,3,9,2023
338,7,0.265282,79.0,14,7,1,3,9,2023
339,18,0.265282,157.0,14,59,0,3,9,2023
340,10,0.265282,31.0,3,59,3,3,9,2023
341,12,0.7,157.0,13,59,3,3,9,2023
342,5,1.0,157.0,2,59,3,3,9,2023
343,18,0.15,117.0,14,7,1,3,8,2023
344,4,0.15,52.0,3,59,3,3,8,2023
345,12,0.15,177.0,6,22,4,3,7,2023
346,8,0.15,619.0,4,59,1,3,7,2023
347,7,1.0,18.0,2,59,3,3,7,2023
348,3,0.25,6.0,0,58,3,3,7,2023
349,2,0.265282,2700.0,13,59,3,3,7,2023
350,23,0.265282,194.0,14,59,3,3,7,2023
351,19,0.05,210.0,13,1,2,3,6,2023
352,18,0.08,525.0,13,59,4,3,6,2023
353,23,0.265282,16.0,3,36,4,3,6,2023
354,10,0.265282,157.0,0,59,4,3,6,2023
355,5,0.265282,631.0,0,22,2,3,6,2023
356,23,0.265282,116.0,6,22,0,3,6,2023
357,23,0.265282,365.0,4,16,3,3,6,2023
358,10,0.265282,157.0,14,41,0,3,4,2023
359,21,0.15,788.0,0,5,4,3,3,2023
360,27,0.7,317.0,13,59,2,3,3,2023
361,21,0.265282,59.0,0,1,2,3,3,2023
362,17,0.265282,152.0,14,59,1,3,3,2023
363,28,0.265282,6400.0,13,59,0,3,3,2023
364,12,0.265282,458.0,13,59,3,3,3,2023
365,19,0.265282,1200.0,7,59,3,3,3,2023
366,25,0.03,148.0,13,59,2,3,2,2023
367,5,0.265282,461.0,6,59,1,3,2,2023
368,9,0.265282,157.0,14,5,1,3,2,2023
369,8,0.11,13.0,2,22,0,3,2,2023
370,18,0.1,20.0,14,59,0,3,2,2023
371,7,0.1,157.0,0,53,3,3,2,2023
372,23,0.265282,12900.0,14,22,3,3,2,2023
373,2,1.0,157.0,14,59,3,3,2,2023
374,21,0.265282,472.0,5,59,1,3,2,2023
375,15,0.265282,157.0,14,59,3,3,2,2023
376,19,0.04,748.0,13,59,4,3,1,2023
377,9,0.06,2100.0,15,5,4,3,1,2023
378,12,0.265282,482.0,6,59,4,3,1,2023
379,27,0.08,5500.0,15,59,2,3,1,2023
380,10,0.2,495.0,6,16,2,3,1,2023
381,26,0.265282,102.0,4,59,2,3,1,2023
382,28,0.14,839.0,13,59,2,3,1,2023
383,3,0.5,70.0,2,59,3,3,1,2023
384,2,0.265282,2.0,13,59,2,2,28,2023
385,2,0.08,557.0,13,59,1,2,28,2023
386,5,1.0,157.0,0,22,3,2,28,2023
387,7,0.09,485.0,13,59,3,2,28,2023
388,27,0.265282,126.0,13,17,4,2,27,2023
389,12,0.15,462.0,4,59,4,2,27,2023
390,7,0.25,283.0,0,59,2,2,27,2023
391,4,0.02,3000.0,13,59,1,2,27,2023
392,24,0.07,489.0,8,59,1,2,27,2023
393,25,0.25,126.0,3,59,0,2,27,2023
394,25,0.265282,401.0,0,25,0,2,26,2023
395,2,0.1,12900.0,13,59,2,2,25,2023
396,19,0.08,663.0,13,52,4,2,24,2023
397,19,0.265282,1300.0,15,22,4,2,24,2023
398,27,0.265282,575.0,14,59,2,2,24,2023
399,26,0.265282,325.0,14,59,1,2,24,2023
400,9,0.265282,465.0,0,59,0,2,24,2023
401,12,0.265282,132.0,13,59,0,2,24,2023
402,7,0.265282,263.0,5,59,0,2,24,2023
403,12,0.18,1900.0,13,59,3,2,24,2023
404,23,0.02,153.0,14,59,3,2,24,2023
405,12,0.1,157.0,14,59,2,2,23,2023
406,17,0.32,442.0,5,17,2,2,23,2023
407,23,0.06,157.0,0,1,1,2,23,2023
408,27,0.265282,400.0,13,59,0,2,23,2023
409,13,0.265282,76.0,3,59,0,2,23,2023
410,3,0.2,607.0,5,59,3,2,23,2023
411,3,0.15,61.0,3,59,3,2,23,2023
412,12,0.13,157.0,0,59,3,2,23,2023
413,18,0.12,157.0,0,58,2,2,22,2023
414,26,0.265282,279.0,13,59,2,2,22,2023
415,12,0.265282,155.0,4,59,3,2,22,2023
416,3,0.11,279.0,4,1,3,2,22,2023
417,12,0.57,194.0,14,59,3,2,22,2023
418,27,1.0,57.0,1,59,3,2,22,2023
419,9,0.7,214.0,4,50,4,2,21,2023
420,3,0.2,451.0,0,22,2,2,21,2023
421,18,0.265282,26.0,0,27,1,2,21,2023
422,7,0.265282,406.0,5,59,1,2,21,2023
423,17,0.04,52.0,3,59,0,2,21,2023
424,27,0.265282,157.0,7,36,0,2,21,2023
425,17,0.265282,61.0,13,16,3,2,21,2023
426,21,0.265282,121.0,4,59,3,2,21,2023
427,23,0.265282,467.0,13,17,3,2,21,2023
428,19,0.3,79.0,3,22,2,2,20,2023
429,3,0.05,1000.0,6,59,0,2,20,2023
430,19,0.28,10.0,1,1,0,2,20,2023
431,9,1.0,9.0,2,59,3,2,20,2023
432,11,0.265282,4200.0,13,25,2,2,19,2023
433,11,0.05,50.0,13,59,4,2,17,2023
434,2,0.265282,12600.0,13,9,4,2,17,2023
435,2,0.265282,290.0,14,59,2,2,17,2023
436,7,0.33,302.0,4,59,2,2,17,2023
437,19,0.265282,105.0,13,59,3,2,17,2023
438,3,0.265282,157.0,0,59,3,2,17,2023
439,24,0.1,536.0,13,59,4,2,16,2023
440,19,0.2,62.0,14,59,4,2,16,2023
441,23,0.07,356.0,13,59,2,2,16,2023
442,19,0.03,152.0,13,59,1,2,16,2023
443,15,0.265282,1100.0,6,59,3,2,16,2023
444,17,0.06,58.0,13,25,4,2,15,2023
445,24,0.08,1100.0,8,59,2,2,15,2023
446,7,0.09,720.0,5,5,2,2,15,2023
447,18,0.265282,22.0,4,16,2,2,15,2023
448,13,0.11,491.0,13,59,2,2,15,2023
449,26,0.04,429.0,13,59,2,2,15,2023
450,7,0.265282,435.0,7,59,0,2,15,2023
451,21,0.265282,180.0,3,59,0,2,15,2023
452,9,0.2,86.0,2,1,3,2,15,2023
453,17,0.14,1100.0,13,59,3,2,15,2023
454,26,0.265282,214.0,4,59,3,2,15,2023
455,18,0.265282,63.0,3,59,3,2,15,2023
456,19,0.15,148.0,4,59,3,2,15,2023
457,12,0.14,185.0,13,59,3,2,15,2023
458,19,0.14,157.0,13,59,4,2,14,2023
459,23,0.31,157.0,14,59,4,2,14,2023
460,23,1.0,2.0,0,17,1,2,14,2023
461,10,0.08,11.0,3,59,3,2,14,2023
462,12,0.7,40.0,3,22,3,2,14,2023
463,5,0.1,311.0,13,59,3,2,14,2023
464,19,0.17,614.0,13,59,4,2,13,2023
465,19,0.25,212.0,5,59,2,2,13,2023
466,17,1.0,157.0,0,59,2,2,13,2023
467,23,0.265282,225.0,4,5,1,2,13,2023
468,2,0.07,30.0,14,59,1,2,13,2023
469,12,0.265282,719.0,7,59,1,2,13,2023
470,3,0.265282,170.0,3,59,0,2,13,2023
471,21,0.3,708.0,0,26,3,2,13,2023
472,9,0.265282,749.0,14,48,3,2,13,2023
473,9,0.265282,1800.0,6,58,3,2,13,2023
474,22,0.265282,154.0,14,59,3,2,13,2023
475,27,0.11,138.0,3,23,4,2,12,2023
476,17,0.2,16.0,14,59,2,2,10,2023
477,12,0.72,278.0,13,7,1,2,10,2023
478,2,0.265282,9400.0,14,22,0,2,10,2023
479,16,0.2,157.0,12,35,0,2,10,2023
480,7,0.265282,140.0,5,5,0,2,10,2023
481,11,0.28,298.0,13,59,3,2,10,2023
482,5,0.265282,24.0,2,59,0,2,10,2023
483,2,0.2,6.0,14,59,4,2,9,2023
484,9,0.33,526.0,4,59,4,2,9,2023
485,9,0.09,1700.0,13,58,4,2,9,2023
486,12,0.35,856.0,9,59,1,2,9,2023
487,7,0.1,566.0,13,59,2,2,9,2023
488,20,0.07,413.0,13,59,2,2,9,2023
489,23,0.12,157.0,13,59,2,2,9,2023
490,12,0.17,218.0,0,59,2,2,9,2023
491,25,0.12,192.0,4,14,1,2,9,2023
492,27,0.11,317.0,13,25,0,2,9,2023
493,20,0.1,350.0,14,59,3,2,9,2023
494,18,0.265282,157.0,0,59,3,2,9,2023
495,3,1.0,157.0,0,22,3,2,9,2023
496,17,0.08,800.0,13,59,4,2,8,2023
497,7,0.19,1500.0,13,59,4,2,8,2023
498,10,0.05,746.0,6,59,2,2,8,2023
499,24,0.07,583.0,6,59,1,2,8,2023
500,12,0.08,168.0,6,59,0,2,8,2023
501,7,0.25,85.0,3,59,0,2,8,2023
502,27,0.75,63.0,0,1,3,2,8,2023
503,7,0.14,278.0,5,7,3,2,8,2023
504,12,1.0,100.0,4,59,3,2,8,2023
505,1,0.2,15.0,14,1,3,2,8,2023
506,19,0.15,276.0,13,59,4,2,7,2023
507,23,0.04,1200.0,13,59,1,2,7,2023
508,25,0.09,83.0,13,59,2,2,7,2023
509,24,0.1,245.0,14,59,2,2,7,2023
510,7,1.0,299.0,13,1,1,2,7,2023
511,5,0.09,56.0,12,24,0,2,7,2023
512,10,0.19,106.0,3,59,3,2,7,2023
513,11,0.05,157.0,13,59,4,2,6,2023
514,15,0.07,507.0,7,5,4,2,6,2023
515,23,0.265282,80.0,14,1,2,2,6,2023
516,27,0.265282,157.0,15,59,1,2,6,2023
517,17,0.265282,107.0,14,59,1,2,6,2023
518,18,0.25,19.0,0,22,1,2,6,2023
519,24,0.265282,496.0,7,59,0,2,6,2023
520,7,0.265282,2300.0,0,5,3,2,6,2023
521,23,0.11,157.0,0,48,3,2,6,2023
522,7,0.265282,6.0,1,25,3,2,6,2023
523,12,0.265282,183.0,0,59,1,2,5,2023
524,7,0.25,42.0,3,25,0,2,5,2023
525,10,0.15,396.0,6,59,1,2,3,2023
526,15,0.265282,150.0,6,22,1,2,3,2023
527,3,0.2,10.0,0,59,1,2,3,2023
528,23,0.15,30.0,0,1,3,2,3,2023
529,5,0.265282,5500.0,12,22,4,2,2,2023
530,25,0.05,1200.0,13,59,4,2,2,2023
531,19,0.02,157.0,13,59,4,2,2,2023
532,12,0.265282,160.0,4,59,2,2,2,2023
533,25,0.07,157.0,13,58,2,2,2,2023
534,19,0.07,476.0,4,59,2,2,2,2023
535,9,0.265282,1800.0,6,59,2,2,2,2023
536,24,0.1,644.0,7,59,2,2,2,2023
537,3,0.265282,157.0,0,59,1,2,2,2023
538,4,0.265282,55.0,3,59,0,2,2,2023
539,5,0.265282,1500.0,2,59,0,2,2,2023
540,19,0.265282,811.0,13,59,3,2,2,2023
541,27,0.1,948.0,13,59,3,2,2,2023
542,2,0.2,240.0,13,50,3,2,2,2023
543,7,0.265282,60.0,4,35,3,2,2,2023
544,26,0.265282,497.0,5,59,3,2,2,2023
545,4,0.04,2400.0,13,59,4,2,1,2023
546,2,0.265282,1500.0,13,59,2,2,1,2023
547,2,0.04,719.0,13,59,2,2,1,2023
548,25,0.265282,161.0,13,59,2,2,1,2023
549,19,0.1,415.0,6,59,1,2,1,2023
550,18,0.22,157.0,13,7,1,2,1,2023
551,12,0.28,215.0,4,59,1,2,1,2023
552,3,0.05,536.0,7,59,1,2,1,2023
553,25,0.08,157.0,13,59,0,2,1,2023
554,14,0.03,100.0,12,59,0,2,1,2023
555,18,0.1,28.0,4,59,0,2,1,2023
556,26,0.265282,190.0,4,7,3,2,1,2023
557,18,0.08,80.0,6,59,3,2,1,2023
558,12,0.5,76.0,13,59,3,2,1,2023
559,4,0.08,245.0,13,15,3,2,1,2023
560,2,0.08,157.0,13,59,3,2,1,2023
561,10,0.265282,137.0,3,59,3,2,1,2023
562,9,0.265282,52.0,0,59,3,2,1,2023
563,27,0.06,10700.0,13,59,3,2,1,2023
564,7,0.07,216.0,13,59,4,1,31,2023
565,4,0.08,157.0,13,59,4,1,31,2023
566,10,0.03,230.0,13,59,4,1,31,2023
567,17,0.07,100.0,13,59,4,1,31,2023
568,7,0.2,144.0,13,59,4,1,31,2023
569,4,0.04,344.0,13,17,2,1,31,2023
570,23,0.17,1600.0,13,59,2,1,31,2023
571,7,0.265282,1300.0,5,17,2,1,31,2023
572,2,0.14,235.0,0,59,1,1,31,2023
573,27,0.265282,12.0,0,36,1,1,31,2023
574,7,0.265282,4100.0,13,5,0,1,31,2023
575,25,0.09,80.0,0,25,0,1,31,2023
576,11,0.04,157.0,13,59,3,1,31,2023
577,4,0.08,1100.0,13,7,3,1,31,2023
578,12,0.13,157.0,13,34,4,1,30,2023
579,17,0.15,157.0,14,34,4,1,30,2023
580,27,0.5,629.0,13,58,4,1,30,2023
581,23,0.265282,1400.0,13,59,4,1,30,2023
582,11,0.265282,12.0,13,59,4,1,30,2023
583,9,0.06,1200.0,14,51,4,1,30,2023
584,9,0.04,9900.0,13,17,2,1,30,2023
585,9,0.2,1900.0,9,59,2,1,30,2023
586,23,0.13,205.0,4,17,1,1,30,2023
587,7,0.25,157.0,13,59,3,1,30,2023
588,23,0.265282,322.0,6,5,3,1,30,2023
589,10,0.265282,224.0,4,59,3,1,30,2023
590,3,0.33,176.0,3,59,3,1,30,2023
591,12,0.12,425.0,13,59,3,1,30,2023
592,7,0.265282,3000.0,13,59,3,1,30,2023
593,25,0.265282,43.0,3,15,3,1,29,2023
594,7,0.5,157.0,0,5,1,1,28,2023
595,3,0.265282,101.0,2,59,0,1,28,2023
596,23,0.07,157.0,2,7,2,1,27,2023
597,23,0.06,390.0,6,22,2,1,27,2023
598,23,0.265282,157.0,1,59,2,1,27,2023
599,19,0.265282,157.0,13,59,2,1,27,2023
600,27,0.265282,157.0,0,17,1,1,27,2023
601,3,0.1,100.0,4,48,0,1,27,2023
602,3,0.25,45.0,2,7,0,1,27,2023
603,17,0.17,21.0,3,7,0,1,27,2023
604,12,0.265282,18.0,2,59,3,1,27,2023
605,7,0.265282,273.0,0,42,3,1,27,2023
606,23,0.265282,47.0,2,59,3,1,27,2023
607,19,0.08,157.0,0,17,3,1,27,2023
608,19,0.03,1300.0,13,17,4,1,26,2023
609,4,0.08,455.0,13,59,2,1,26,2023
610,7,0.2,550.0,5,59,0,1,26,2023
611,7,1.0,157.0,13,58,3,1,26,2023
612,19,0.1,43.0,3,59,3,1,26,2023
613,2,0.265282,226.0,5,59,0,1,26,2023
614,11,0.02,157.0,13,59,4,1,25,2023
615,11,0.07,157.0,13,59,4,1,25,2023
616,23,0.265282,50.0,14,59,4,1,25,2023
617,3,0.35,13.0,14,58,4,1,25,2023
618,21,0.25,157.0,0,59,4,1,25,2023
619,12,0.07,550.0,13,59,2,1,25,2023
620,14,0.15,171.0,5,59,2,1,25,2023
621,27,0.07,646.0,5,17,1,1,25,2023
622,12,0.265282,51.0,2,59,3,1,25,2023
623,7,0.265282,157.0,0,25,3,1,25,2023
624,8,0.265282,657.0,7,59,2,1,25,2023
625,7,0.07,157.0,13,5,3,1,25,2023
626,19,0.3,157.0,0,34,3,1,25,2023
627,28,0.17,834.0,13,59,4,1,24,2023
628,12,0.15,379.0,6,59,2,1,24,2023
629,7,0.1,1300.0,6,59,1,1,24,2023
630,24,0.2,36.0,3,7,0,1,24,2023
631,20,0.28,41.0,2,17,0,1,24,2023
632,12,0.265282,14.0,2,59,0,1,24,2023
633,17,0.2,157.0,0,7,0,1,24,2023
634,10,0.1,332.0,4,17,3,1,24,2023
635,7,0.14,160.0,4,59,0,1,24,2023
636,1,0.265282,451.0,3,59,3,1,24,2023
637,20,0.07,173.0,13,59,3,1,24,2023
638,10,0.09,23.0,3,58,3,1,24,2023
639,18,0.06,2100.0,13,52,4,1,23,2023
640,15,0.03,2700.0,15,59,2,1,23,2023
641,17,0.265282,320.0,0,22,1,1,23,2023
642,17,0.1,295.0,13,59,0,1,23,2023
643,23,0.265282,23.0,2,1,0,1,23,2023
644,25,0.17,97.0,3,59,0,1,23,2023
645,17,0.15,69.0,4,59,0,1,23,2023
646,5,0.7,16.0,2,22,3,1,23,2023
647,3,0.1,423.0,0,59,3,1,23,2023
648,17,0.08,117.0,13,59,3,1,23,2023
649,7,0.265282,115.0,4,34,3,1,22,2023
650,2,0.06,26.0,13,59,4,1,20,2023
651,23,0.1,1700.0,13,59,4,1,20,2023
652,9,0.06,3600.0,0,22,4,1,20,2023
653,12,0.08,192.0,14,22,2,1,20,2023
654,18,0.07,307.0,7,59,2,1,20,2023
655,13,0.265282,157.0,14,59,1,1,20,2023
656,10,0.265282,169.0,0,59,1,1,20,2023
657,23,0.1,14.0,0,5,0,1,20,2023
658,12,0.265282,1.0,0,59,0,1,20,2023
659,4,0.27,64.0,4,59,0,1,20,2023
660,7,0.265282,341.0,14,59,3,1,20,2023
661,12,0.7,156.0,4,59,3,1,20,2023
662,4,0.265282,91.0,3,59,3,1,20,2023
663,2,0.265282,157.0,14,59,3,1,20,2023
664,23,0.265282,62.0,14,59,3,1,20,2023
665,7,0.265282,157.0,13,59,4,1,19,2023
666,27,0.265282,1200.0,13,59,4,1,19,2023
667,21,0.265282,22200.0,13,59,4,1,19,2023
668,19,0.35,153.0,3,59,2,1,19,2023
669,23,0.05,965.0,0,59,2,1,19,2023
670,14,0.09,233.0,13,59,1,1,19,2023
671,2,0.265282,21.0,14,59,1,1,19,2023
672,8,0.265282,269.0,5,59,0,1,19,2023
673,27,1.0,2.0,0,59,3,1,19,2023
674,18,0.265282,145.0,6,59,3,1,19,2023
675,11,0.265282,21.0,0,59,3,1,19,2023
676,14,0.265282,521.0,0,59,3,1,19,2023
677,17,0.06,400.0,13,59,3,1,19,2023
678,21,0.7,13.0,2,59,3,1,19,2023
679,12,0.3,225.0,13,59,3,1,19,2023
680,4,0.28,56.0,3,59,3,1,19,2023
681,7,0.265282,41.0,2,1,3,1,19,2023
682,6,0.15,167.0,13,51,3,1,19,2023
683,19,0.05,1.0,13,59,4,1,18,2023
684,25,0.1,125.0,14,59,4,1,18,2023
685,12,0.06,172.0,13,59,4,1,18,2023
686,27,0.2,1300.0,13,59,4,1,18,2023
687,26,0.07,253.0,13,59,2,1,18,2023
688,7,0.2,571.0,13,59,2,1,18,2023
689,19,0.14,69.0,0,7,2,1,18,2023
690,28,0.12,179.0,13,59,2,1,18,2023
691,25,0.12,416.0,7,59,2,1,18,2023
692,7,0.07,1100.0,13,59,2,1,18,2023
693,19,0.24,260.0,13,59,2,1,18,2023
694,17,0.07,300.0,4,7,1,1,18,2023
695,12,0.31,47.0,0,17,0,1,18,2023
696,7,0.03,491.0,7,59,0,1,18,2023
697,9,0.1,275.0,0,59,3,1,18,2023
698,13,0.2,420.0,5,15,1,1,18,2023
699,2,0.15,946.0,13,59,3,1,18,2023
700,12,0.3,204.0,4,8,3,1,18,2023
701,27,0.265282,2000.0,13,58,3,1,18,2023
702,19,0.265282,240.0,5,59,3,1,18,2023
703,20,0.265282,54.0,3,59,3,1,18,2023
704,12,0.2,157.0,13,59,3,1,18,2023
705,13,0.265282,854.0,14,59,3,1,18,2023
706,23,0.14,55.0,13,1,3,1,18,2023
707,23,0.1,1200.0,13,7,4,1,17,2023
708,19,0.03,1300.0,13,59,4,1,17,2023
709,27,1.0,2400.0,0,58,2,1,17,2023
710,27,0.265282,253.0,0,7,2,1,17,2023
711,26,0.15,87.0,5,22,2,1,17,2023
712,19,0.1,336.0,5,5,2,1,17,2023
713,1,0.265282,218.0,3,10,2,1,17,2023
714,19,0.65,92.0,14,59,1,1,17,2023
715,21,0.265282,31.0,3,59,1,1,17,2023
716,19,0.265282,44.0,13,59,0,1,17,2023
717,2,0.265282,59.0,0,59,3,1,17,2023
718,27,0.7,54.0,4,22,3,1,17,2023
719,26,0.16,12.0,13,59,3,1,17,2023
720,19,0.265282,157.0,13,59,3,1,17,2023
721,9,0.265282,2300.0,0,0,3,1,17,2023
722,7,0.265282,2.0,14,59,3,1,17,2023
723,7,0.265282,157.0,13,5,3,1,17,2023
724,7,0.07,157.0,13,5,4,1,16,2023
725,2,0.2,1700.0,9,22,4,1,16,2023
726,9,0.265282,17.0,3,22,1,1,16,2023
727,7,0.3,698.0,4,7,1,1,16,2023
728,9,0.03,382.0,0,22,3,1,16,2023
729,7,0.1,74.0,4,1,3,1,16,2023
730,9,0.02,548.0,0,22,3,1,16,2023
731,9,0.265282,126.0,4,22,2,1,15,2023
732,17,0.3,104.0,4,59,2,1,15,2023
733,9,0.43,21.0,2,22,0,1,15,2023
734,9,0.05,254.0,6,22,3,1,15,2023
735,11,0.265282,157.0,0,9,4,1,13,2023
736,27,0.265282,5000.0,11,22,2,1,13,2023
737,19,0.1,157.0,0,59,2,1,13,2023
738,12,0.265282,101.0,3,59,0,1,13,2023
739,12,1.0,155.0,4,59,3,1,13,2023
740,27,0.265282,1600.0,13,59,3,1,13,2023
741,17,0.265282,2.0,0,59,3,1,13,2023
742,19,0.265282,21.0,14,59,3,1,13,2023
743,20,0.09,114.0,4,59,3,1,13,2023
744,7,0.14,392.0,13,59,2,1,12,2023
745,18,0.4,410.0,7,59,2,1,12,2023
746,26,0.265282,28.0,3,22,2,1,12,2023
747,7,0.39,42.0,3,5,2,1,12,2023
748,3,0.28,490.0,5,58,2,1,12,2023
749,7,0.21,556.0,5,59,2,1,12,2023
750,7,0.265282,41.0,3,22,2,1,12,2023
751,4,0.265282,334.0,0,59,1,1,12,2023
752,12,0.06,157.0,13,59,1,1,12,2023
753,12,0.3,157.0,1,59,1,1,12,2023
754,5,0.265282,51.0,3,59,0,1,12,2023
755,3,0.2,157.0,0,59,3,1,12,2023
756,10,0.15,328.0,7,59,3,1,12,2023
757,2,0.14,158.0,13,59,3,1,12,2023
758,17,0.15,34.0,3,59,3,1,12,2023
759,15,0.2,2400.0,6,59,4,1,11,2023
760,19,0.05,400.0,13,59,4,1,11,2023
761,12,0.15,3500.0,0,59,4,1,11,2023
762,7,0.11,565.0,7,59,2,1,11,2023
763,25,0.06,205.0,12,59,2,1,11,2023
764,3,0.265282,244.0,5,22,1,1,11,2023
765,25,0.265282,349.0,13,59,1,1,11,2023
766,12,0.265282,94.0,3,59,1,1,11,2023
767,19,0.2,157.0,14,59,0,1,11,2023
768,2,0.265282,133.0,4,59,0,1,11,2023
769,10,0.1,1100.0,8,59,3,1,11,2023
770,10,0.15,33.0,4,59,3,1,11,2023
771,10,0.265282,224.0,4,59,3,1,11,2023
772,7,0.08,293.0,5,58,3,1,11,2023
773,3,0.2,549.0,13,59,4,1,10,2023
774,4,0.07,157.0,13,59,4,1,10,2023
775,7,0.28,665.0,13,59,4,1,10,2023
776,7,0.265282,95.0,4,1,2,1,10,2023
777,3,0.11,726.0,5,59,2,1,10,2023
778,25,0.1,125.0,13,59,2,1,10,2023
779,5,0.19,22.0,13,7,1,1,10,2023
780,5,0.265282,190.0,6,22,1,1,10,2023
781,2,0.75,36.0,3,59,1,1,10,2023
782,15,0.05,178.0,4,7,1,1,10,2023
783,10,0.2,157.0,0,22,0,1,10,2023
784,18,0.2,111.0,3,25,0,1,10,2023
785,23,0.265282,120.0,4,59,3,1,10,2023
786,10,0.12,223.0,5,59,3,1,10,2023
787,23,0.265282,383.0,0,59,3,1,10,2023
788,13,0.15,20.0,14,59,3,1,10,2023
789,19,0.21,10.0,2,59,3,1,10,2023
790,8,0.04,404.0,7,59,3,1,10,2023
791,12,0.57,1200.0,13,59,4,1,9,2023
792,12,0.265282,560.0,13,59,3,1,9,2023
793,12,0.2,656.0,13,59,3,1,9,2023
794,4,0.2,602.0,6,59,3,1,9,2023
795,18,0.1,160.0,10,58,1,1,8,2023
796,19,0.03,307.0,13,59,1,1,8,2023
797,17,0.265282,80.0,14,59,0,1,7,2023
798,3,0.2,2.0,0,9,4,1,6,2023
799,12,0.265282,522.0,5,59,2,1,6,2023
800,27,0.05,214.0,5,22,0,1,6,2023
801,25,0.265282,88.0,4,59,3,1,6,2023
802,10,0.265282,30.0,12,59,3,1,6,2023
803,16,0.265282,157.0,0,59,3,1,6,2023
804,23,1.0,40.0,1,59,3,1,6,2023
805,11,0.75,204.0,3,59,3,1,6,2023
806,3,0.3,9.0,2,59,3,1,6,2023
807,12,0.265282,999.0,13,59,4,1,5,2023
808,19,0.5,326.0,13,59,2,1,5,2023
809,7,0.19,646.0,6,59,2,1,5,2023
810,3,0.3,157.0,2,59,1,1,5,2023
811,23,0.02,472.0,7,48,0,1,5,2023
812,2,0.265282,12900.0,13,59,0,1,5,2023
813,23,0.17,176.0,0,59,0,1,5,2023
814,4,0.25,116.0,4,25,0,1,5,2023
815,26,0.08,178.0,12,59,0,1,5,2023
816,11,0.33,50.0,0,25,0,1,5,2023
817,23,0.15,62.0,3,22,0,1,5,2023
818,17,0.15,863.0,6,59,3,1,5,2023
819,21,0.265282,1600.0,13,59,3,1,5,2023
820,13,0.265282,98.0,13,1,3,1,5,2023
821,23,0.2,79.0,13,59,2,1,5,2023
822,12,0.4,173.0,13,59,3,1,5,2023
823,23,0.02,108.0,13,59,4,1,4,2023
824,24,0.1,65.0,13,59,4,1,4,2023
825,4,0.2,282.0,4,59,1,1,4,2023
826,18,0.11,166.0,13,59,1,1,4,2023
827,16,0.05,274.0,6,59,0,1,4,2023
828,12,0.25,530.0,13,59,3,1,4,2023
829,2,0.11,450.0,13,59,3,1,4,2023
830,3,1.0,29.0,0,59,3,1,4,2023
831,10,0.04,157.0,13,59,2,1,3,2023
832,26,0.1,620.0,6,59,1,1,3,2023
833,5,0.3,157.0,14,22,1,1,3,2023
834,2,0.1,9400.0,0,9,3,1,3,2023
835,26,0.03,157.0,13,59,4,1,2,2023
836,11,0.1,50.0,13,59,4,1,1,2023
837,9,0.14,675.0,0,58,3,12,31,2022
838,3,0.265282,23.0,1,28,3,12,31,2022
839,18,0.3,3700.0,13,9,3,12,27,2022
840,3,0.4,8.0,2,47,3,12,27,2022
841,7,0.06,157.0,14,34,2,12,26,2022
842,19,0.15,96.0,3,58,3,12,25,2022
843,21,0.22,157.0,0,1,1,12,23,2022
844,23,0.13,1000.0,6,16,1,12,23,2022
845,21,0.265282,25.0,4,58,1,12,23,2022
846,11,0.265282,157.0,13,59,2,12,22,2022
847,27,0.25,648.0,13,59,4,12,21,2022
848,19,0.5,90.0,2,17,3,12,21,2022
849,9,0.24,50.0,6,48,1,12,20,2022
850,7,0.4,10.0,2,7,0,12,20,2022
851,4,0.265282,63.0,0,58,3,12,20,2022
852,2,0.1,892.0,7,9,3,12,20,2022
853,21,0.13,4.0,14,59,0,12,19,2022
854,12,0.265282,136.0,5,59,3,12,19,2022
855,2,0.265282,7400.0,13,59,3,12,19,2022
856,9,1.0,2.0,0,1,3,12,19,2022
857,7,0.25,29.0,0,17,0,12,16,2022
858,4,0.3,26.0,2,7,0,12,16,2022
859,27,0.265282,157.0,13,7,3,12,16,2022
860,3,0.265282,205.0,3,59,3,12,16,2022
861,7,0.265282,331.0,0,7,3,12,16,2022
862,19,0.1,704.0,0,58,3,12,16,2022
863,7,0.18,183.0,4,59,3,12,16,2022
864,23,0.12,30.0,2,7,3,12,16,2022
865,12,0.15,183.0,4,59,3,12,16,2022
866,23,0.13,224.0,13,59,2,12,15,2022
867,26,0.02,484.0,13,59,1,12,15,2022
868,19,0.31,379.0,4,59,1,12,15,2022
869,10,0.2,76.0,3,59,1,12,15,2022
870,20,0.15,183.0,5,59,3,12,15,2022
871,23,0.3,5100.0,13,23,2,12,14,2022
872,5,0.265282,686.0,5,2,2,12,14,2022
873,27,0.265282,175.0,13,59,1,12,14,2022
874,12,0.04,215.0,0,59,1,12,14,2022
875,9,0.1,64.0,4,59,0,12,14,2022
876,21,0.265282,347.0,4,59,3,12,14,2022
877,2,0.14,698.0,10,59,2,12,13,2022
878,13,0.1,462.0,13,59,1,12,13,2022
879,12,0.09,514.0,6,59,1,12,13,2022
880,17,0.13,157.0,13,59,1,12,13,2022
881,3,0.265282,235.0,3,59,3,12,13,2022
882,5,0.2,192.0,14,59,4,12,12,2022
883,9,0.265282,107.0,14,59,4,12,12,2022
884,24,0.265282,51.0,3,59,0,12,12,2022
885,7,0.265282,189.0,4,59,3,12,12,2022
886,5,0.25,240.0,5,59,1,12,10,2022
887,20,0.1,94.0,3,17,0,12,10,2022
888,7,0.265282,97.0,4,59,3,12,10,2022
889,21,0.265282,281.0,0,59,3,12,10,2022
890,12,0.265282,1600.0,0,22,3,12,10,2022
891,2,0.15,157.0,13,25,4,12,9,2022
892,27,0.36,157.0,14,17,2,12,9,2022
893,12,0.16,174.0,4,5,2,12,9,2022
894,7,0.33,73.0,3,58,1,12,9,2022
895,17,0.115,442.0,5,17,1,12,9,2022
896,7,0.02,537.0,9,59,0,12,9,2022
897,19,1.0,25.0,2,25,3,12,9,2022
898,3,1.0,157.0,0,1,3,12,9,2022
899,19,0.265282,225.0,13,59,3,12,9,2022
900,3,0.1,25.0,3,59,3,12,9,2022
901,20,0.2,1400.0,7,59,4,12,8,2022
902,9,0.03,3600.0,0,22,4,12,8,2022
903,10,0.18,82.0,5,48,2,12,8,2022
904,27,0.3,138.0,4,5,2,12,8,2022
905,7,0.05,220.0,12,59,1,12,8,2022
906,23,0.265282,205.0,4,17,1,12,8,2022
907,27,0.5,231.0,13,25,1,12,8,2022
908,17,0.05,115.0,13,59,1,12,8,2022
909,12,0.265282,459.0,6,59,1,12,8,2022
910,25,0.15,153.0,4,59,0,12,8,2022
911,25,0.04,537.0,12,59,0,12,8,2022
912,3,0.15,932.0,13,59,3,12,8,2022
913,9,0.1,352.0,13,59,3,12,8,2022
914,13,0.265282,32.0,3,59,3,12,8,2022
915,11,0.265282,850.0,13,59,3,12,8,2022
916,5,0.17,150.0,13,59,3,12,8,2022
917,25,0.14,203.0,3,59,3,12,8,2022
918,5,0.265282,292.0,6,22,4,12,7,2022
919,21,0.12,788.0,0,5,4,12,7,2022
920,7,0.2,734.0,5,59,4,12,7,2022
921,27,0.06,567.0,7,59,2,12,7,2022
922,3,0.265282,55.0,2,59,2,12,7,2022
923,14,0.1,125.0,12,59,2,12,7,2022
924,27,0.13,515.0,5,59,2,12,7,2022
925,17,0.13,116.0,14,59,2,12,7,2022
926,2,0.08,613.0,6,59,1,12,7,2022
927,23,0.1,2300.0,0,59,0,12,7,2022
928,21,0.3,114.0,3,59,0,12,7,2022
929,7,0.18,115.0,4,59,0,12,7,2022
930,20,0.17,315.0,7,59,1,12,7,2022
931,9,0.05,139.0,4,23,3,12,7,2022
932,7,0.265282,157.0,14,59,3,12,7,2022
933,7,0.4,679.0,13,59,4,12,6,2022
934,11,0.265282,12.0,13,59,2,12,6,2022
935,18,0.12,696.0,13,59,2,12,6,2022
936,19,0.25,157.0,14,59,2,12,6,2022
937,17,0.265282,2.0,13,59,2,12,6,2022
938,7,0.125,302.0,4,59,1,12,6,2022
939,7,0.08,480.0,0,59,0,12,6,2022
940,25,0.08,165.0,4,25,0,12,6,2022
941,3,0.14,157.0,0,58,0,12,6,2022
942,1,0.13,36.0,3,7,0,12,6,2022
943,14,0.265282,226.0,5,59,3,12,6,2022
944,27,0.265282,630.0,0,36,3,12,6,2022
945,19,0.17,200.0,12,59,3,12,6,2022
946,12,0.25,479.0,5,59,3,12,6,2022
947,7,0.11,647.0,13,59,3,12,6,2022
948,3,0.4,157.0,0,1,1,12,5,2022
949,25,0.1,265.0,6,59,1,12,5,2022
950,7,0.18,103.0,3,25,0,12,5,2022
951,12,0.265282,323.0,3,59,3,12,5,2022
952,23,0.265282,481.0,0,59,3,12,5,2022
953,5,0.265282,22.0,13,7,3,12,5,2022
954,28,0.265282,4000.0,7,22,4,12,3,2022
955,8,0.265282,100.0,4,22,2,12,3,2022
956,3,0.3,157.0,0,48,3,12,3,2022
957,25,0.05,157.0,0,25,2,12,2,2022
958,2,0.265282,1700.0,0,22,2,12,2,2022
959,7,0.15,184.0,4,59,1,12,2,2022
960,21,0.265282,128.0,0,59,0,12,2,2022
961,2,1.0,9.0,0,59,3,12,2,2022
962,23,0.1,372.0,12,48,2,12,1,2022
963,17,0.37,194.0,6,59,2,12,1,2022
964,5,0.5,157.0,0,59,1,12,1,2022
965,20,0.16,212.0,5,59,1,12,1,2022
966,24,0.23,32.0,13,59,0,12,1,2022
967,26,0.12,419.0,5,59,3,12,1,2022
968,12,0.6,229.0,13,59,3,12,1,2022
969,8,0.14,151.0,7,59,3,12,1,2022
970,12,0.25,321.0,13,59,3,12,1,2022
971,7,0.265282,69.0,2,58,3,12,1,2022
972,9,0.06,2500.0,13,59,4,11,30,2022
973,3,0.3,134.0,0,59,4,11,30,2022
974,7,0.34,191.0,5,59,2,11,30,2022
975,23,0.23,140.0,3,23,2,11,30,2022
976,9,0.07,850.0,3,59,2,11,30,2022
977,5,0.265282,64.0,2,17,1,11,30,2022
978,17,0.13,145.0,3,59,1,11,30,2022
979,7,0.03,544.0,5,0,1,11,30,2022
980,5,0.05,118.0,3,22,1,11,30,2022
981,19,0.265282,157.0,0,0,0,11,30,2022
982,23,0.5,40.0,14,58,0,11,30,2022
983,4,0.13,162.0,13,59,3,11,30,2022
984,27,0.265282,157.0,0,59,3,11,30,2022
985,2,0.265282,1500.0,13,59,3,11,30,2022
986,12,0.15,700.0,2,59,3,11,30,2022
987,25,0.265282,167.0,14,59,3,11,30,2022
988,3,0.265282,378.0,4,32,2,11,29,2022
989,23,0.25,144.0,0,58,1,11,29,2022
990,3,0.2,1.0,0,1,0,11,29,2022
991,3,1.0,157.0,0,59,3,11,29,2022
992,12,0.18,162.0,13,59,3,11,29,2022
993,23,0.1,269.0,3,59,3,11,29,2022
994,3,0.265282,157.0,0,36,3,11,29,2022
995,19,0.31,1100.0,4,34,3,11,29,2022
996,7,0.4,13.0,2,32,3,11,29,2022
997,24,0.265282,20.0,2,59,0,11,29,2022
998,19,0.5,604.0,5,17,4,11,28,2022
999,2,0.2,260.0,0,5,4,11,28,2022
1000,22,0.4,157.0,2,22,2,11,28,2022
1001,5,0.06,483.0,5,7,1,11,28,2022
1002,7,0.08,245.0,0,23,1,11,28,2022
1003,3,0.33,100.0,2,59,0,11,28,2022
1004,19,0.1,87.0,5,17,0,11,28,2022
1005,3,1.0,1000.0,6,59,3,11,28,2022
1006,5,0.265282,50.0,0,58,3,11,28,2022
1007,21,0.265282,11.0,2,59,3,11,28,2022
1008,3,0.265282,103.0,3,7,3,11,28,2022
1009,6,0.4,78.0,3,59,3,11,28,2022
1010,7,0.24,22.0,0,34,3,11,27,2022
1011,7,0.265282,389.0,0,58,3,11,26,2022
1012,18,0.05,1700.0,11,22,2,11,25,2022
1013,27,0.2,157.0,0,58,1,11,25,2022
1014,9,0.09,43.0,2,36,0,11,25,2022
1015,3,0.38,17.0,2,0,2,11,24,2022
1016,3,0.2,3.0,0,36,0,11,24,2022
1017,9,0.265282,157.0,14,1,3,11,24,2022
1018,18,0.265282,157.0,3,53,3,11,24,2022
1019,7,1.0,2.0,1,59,3,11,23,2022
1020,23,1.0,6.0,1,7,3,11,23,2022
1021,19,1.0,20.0,2,10,3,11,23,2022
1022,27,0.5,264.0,13,13,3,11,23,2022
1023,11,0.265282,900.0,13,59,4,11,22,2022
1024,23,0.08,92.0,3,23,2,11,22,2022
1025,26,0.265282,11.0,14,5,2,11,22,2022
1026,23,0.08,1000.0,6,48,1,11,22,2022
1027,9,0.265282,57.0,3,48,3,11,22,2022
1028,12,0.265282,809.0,13,59,3,11,22,2022
1029,7,0.265282,770.0,0,25,3,11,22,2022
1030,23,0.2,1200.0,13,36,4,11,21,2022
1031,9,0.1,804.0,4,59,1,11,21,2022
1032,25,0.15,481.0,7,59,3,11,21,2022
1033,7,1.0,157.0,0,59,3,11,21,2022
1034,9,0.04,914.0,11,22,2,11,19,2022
1035,27,0.08,1600.0,13,59,4,11,18,2022
1036,27,0.2,2100.0,5,59,4,11,18,2022
1037,12,0.2,459.0,6,59,2,11,18,2022
1038,27,0.265282,34.0,3,58,1,11,18,2022
1039,7,0.25,281.0,5,59,3,11,18,2022
1040,27,0.265282,1600.0,6,5,3,11,18,2022
1041,3,0.265282,157.0,0,59,3,11,18,2022
1042,5,0.265282,205.0,0,23,3,11,18,2022
1043,18,0.25,18.0,14,59,3,11,18,2022
1044,3,0.15,33.0,2,59,3,11,18,2022
1045,18,0.07,208.0,13,59,2,11,17,2022
1046,21,0.265282,472.0,5,59,2,11,17,2022
1047,21,0.265282,157.0,13,59,2,11,17,2022
1048,7,0.33,281.0,0,52,1,11,17,2022
1049,24,0.265282,54.0,3,59,1,11,17,2022
1050,7,0.25,281.0,5,59,0,11,17,2022
1051,19,0.19,73.0,3,7,0,11,17,2022
1052,7,0.04,278.0,5,7,0,11,17,2022
1053,17,0.09,35.0,2,24,0,11,17,2022
1054,19,0.17,188.0,4,59,3,11,17,2022
1055,18,0.14,157.0,14,59,3,11,17,2022
1056,19,0.13,148.0,4,7,3,11,17,2022
1057,23,0.03,108.0,13,59,4,11,16,2022
1058,13,0.05,2.0,13,59,4,11,16,2022
1059,9,0.21,157.0,4,28,2,11,16,2022
1060,17,0.4,889.0,0,24,2,11,16,2022
1061,19,0.1,235.0,13,59,2,11,16,2022
1062,23,0.11,452.0,7,59,1,11,16,2022
1063,19,0.23,56.0,3,59,1,11,16,2022
1064,17,0.09,436.0,0,59,1,11,16,2022
1065,12,0.22,409.0,13,59,1,11,16,2022
1066,5,0.05,168.0,13,7,3,11,16,2022
1067,27,0.16,63.0,0,17,3,11,16,2022
1068,21,0.25,501.0,0,59,3,11,16,2022
1069,19,0.17,1000.0,5,58,3,11,16,2022
1070,19,0.265282,15.0,2,58,3,11,16,2022
1071,20,1.0,21.0,2,59,3,11,16,2022
1072,4,0.06,2000.0,13,59,2,11,15,2022
1073,19,0.09,453.0,13,59,2,11,15,2022
1074,25,0.17,507.0,6,59,2,11,15,2022
1075,9,1.0,1700.0,13,1,2,11,15,2022
1076,20,0.2,157.0,5,59,2,11,15,2022
1077,21,0.265282,154.0,3,7,1,11,15,2022
1078,18,1.0,157.0,14,59,1,11,15,2022
1079,19,0.16,28.0,0,17,1,11,15,2022
1080,7,0.265282,256.0,5,59,1,11,15,2022
1081,2,0.08,157.0,14,30,1,11,15,2022
1082,24,0.1,164.0,4,59,0,11,15,2022
1083,7,0.25,11.0,3,7,3,11,15,2022
1084,7,1.0,157.0,0,59,3,11,15,2022
1085,9,0.265282,441.0,13,52,3,11,15,2022
1086,23,0.19,381.0,0,59,3,11,15,2022
1087,18,0.12,174.0,3,59,3,11,15,2022
1088,19,0.11,382.0,13,59,3,11,15,2022
1089,2,0.265282,12600.0,13,9,3,11,15,2022
1090,17,0.265282,187.0,4,51,3,11,15,2022
1091,19,0.3,68.0,13,1,3,11,15,2022
1092,12,0.05,28.0,13,59,4,11,14,2022
1093,12,0.265282,791.0,13,59,4,11,14,2022
1094,8,0.2,200.0,12,59,4,11,14,2022
1095,21,0.85,405.0,4,59,2,11,14,2022
1096,24,0.15,90.0,12,14,2,11,14,2022
1097,26,0.13,240.0,5,59,2,11,14,2022
1098,12,0.265282,347.0,13,59,1,11,14,2022
1099,12,0.22,409.0,13,59,1,11,14,2022
1100,17,0.265282,212.0,13,59,1,11,14,2022
1101,18,0.08,100.0,0,59,0,11,14,2022
1102,3,0.265282,6.0,1,36,0,11,14,2022
1103,27,0.265282,12.0,0,36,0,11,14,2022
1104,9,0.265282,157.0,0,23,3,11,14,2022
1105,12,0.57,624.0,13,59,3,11,14,2022
1106,21,0.3,597.0,5,59,2,11,11,2022
1107,15,0.08,593.0,5,59,1,11,11,2022
1108,7,0.265282,2.0,1,8,0,11,11,2022
1109,17,0.265282,157.0,14,59,3,11,11,2022
1110,21,0.07,355.0,13,59,3,11,11,2022
1111,27,0.12,1300.0,13,23,4,11,10,2022
1112,2,0.3,1500.0,0,59,4,11,10,2022
1113,7,0.06,665.0,13,59,2,11,10,2022
1114,4,0.27,119.0,5,59,1,11,10,2022
1115,3,0.265282,549.0,13,59,1,11,10,2022
1116,19,0.1,326.0,13,59,1,11,10,2022
1117,17,0.265282,18.0,0,59,0,11,10,2022
1118,3,0.48,11.0,2,59,0,11,10,2022
1119,25,0.25,157.0,0,59,3,11,10,2022
1120,5,0.265282,81.0,3,59,3,11,10,2022
1121,15,0.1,200.0,4,59,3,11,10,2022
1122,9,0.265282,13.0,1,1,3,11,10,2022
1123,10,1.0,157.0,0,59,3,11,10,2022
1124,19,0.265282,277.0,4,59,3,11,10,2022
1125,2,0.13,26000.0,13,59,4,11,9,2022
1126,21,0.13,320.0,13,59,4,11,9,2022
1127,21,0.4,310.0,4,59,4,11,9,2022
1128,28,0.22,686.0,12,59,2,11,9,2022
1129,7,0.2,527.0,13,59,2,11,9,2022
1130,17,0.15,6.0,14,59,2,11,9,2022
1131,2,0.265282,165.0,0,59,1,11,9,2022
1132,12,0.1,20.0,2,22,0,11,9,2022
1133,2,0.07,244.0,14,59,0,11,9,2022
1134,7,0.265282,475.0,4,22,0,11,9,2022
1135,17,0.15,69.0,4,59,0,11,9,2022
1136,17,0.265282,72.0,14,59,3,11,9,2022
1137,4,0.12,78.0,12,28,3,11,9,2022
1138,5,0.265282,458.0,13,59,1,11,9,2022
1139,12,1.0,81.0,3,59,3,11,9,2022
1140,19,0.1,44.0,13,59,3,11,9,2022
1141,18,0.265282,2100.0,13,52,3,11,9,2022
1142,19,0.265282,476.0,13,59,2,11,8,2022
1143,12,0.5,257.0,3,59,1,11,8,2022
1144,0,0.16,300.0,13,59,3,11,8,2022
1145,27,0.265282,6.0,3,19,3,11,8,2022
1146,12,0.1,731.0,13,59,3,11,8,2022
1147,19,0.11,157.0,14,59,3,11,8,2022
1148,24,0.01,65.0,13,59,4,11,7,2022
1149,5,0.1,838.0,9,22,4,11,7,2022
1150,26,0.05,85.0,14,59,4,11,7,2022
1151,7,0.12,280.0,12,5,2,11,7,2022
1152,25,0.15,137.0,0,59,3,11,7,2022
1153,4,0.25,223.0,7,59,3,11,7,2022
1154,25,0.05,30.0,13,59,2,11,6,2022
1155,5,0.265282,148.0,5,41,0,11,6,2022
1156,5,0.265282,14.0,0,22,3,11,6,2022
1157,2,0.5,12900.0,13,59,4,11,4,2022
1158,23,0.265282,1500.0,0,22,4,11,4,2022
1159,19,1.0,5.0,14,17,2,11,4,2022
1160,7,0.08,180.0,0,23,1,11,4,2022
1161,3,0.22,60.0,0,59,1,11,4,2022
1162,23,0.14,380.0,2,59,3,11,4,2022
1163,3,0.1,260.0,4,59,3,11,4,2022
1164,7,0.14,2300.0,9,59,4,11,3,2022
1165,27,0.13,4900.0,13,59,4,11,3,2022
1166,7,0.265282,157.0,13,59,2,11,3,2022
1167,7,0.15,428.0,4,59,2,11,3,2022
1168,9,0.265282,8300.0,13,17,2,11,3,2022
1169,15,0.2,154.0,6,59,1,11,3,2022
1170,7,0.01,1500.0,13,59,3,11,3,2022
1171,21,0.265282,1300.0,0,59,3,11,3,2022
1172,17,0.1,16.0,13,59,3,11,3,2022
1173,9,0.265282,150.0,4,59,3,11,3,2022
1174,12,0.82,445.0,13,59,3,11,3,2022
1175,21,0.15,253.0,5,59,3,11,3,2022
1176,5,0.265282,50.0,3,59,0,11,3,2022
1177,21,0.18,1900.0,13,59,4,11,2,2022
1178,7,0.12,2300.0,8,59,2,11,2,2022
1179,7,0.1,468.0,9,59,2,11,2,2022
1180,3,0.22,607.0,5,59,2,11,2,2022
1181,25,0.1,92.0,4,25,2,11,2,2022
1182,7,0.15,188.0,0,17,2,11,2,2022
1183,9,0.5,103.0,4,59,1,11,2,2022
1184,3,0.13,157.0,0,59,0,11,2,2022
1185,3,0.3,0.0,1,47,3,11,2,2022
1186,25,0.265282,8.0,14,37,3,11,2,2022
1187,27,0.265282,3600.0,0,59,4,11,1,2022
1188,28,0.265282,157.0,14,59,2,11,1,2022
1189,19,0.265282,157.0,13,59,2,11,1,2022
1190,7,0.07,144.0,13,59,2,11,1,2022
1191,22,0.33,148.0,4,59,1,11,1,2022
1192,9,0.18,377.0,0,52,1,11,1,2022
1193,9,0.18,477.0,0,37,1,11,1,2022
1194,9,0.06,479.0,0,37,1,11,1,2022
1195,17,0.05,300.0,4,7,1,11,1,2022
1196,17,0.265282,56.0,3,7,0,11,1,2022
1197,2,0.265282,157.0,0,5,0,11,1,2022
1198,12,0.2,212.0,4,59,3,11,1,2022
1199,26,0.265282,28.0,3,59,0,11,1,2022
1200,12,0.1,568.0,5,52,4,10,31,2022
1201,14,0.265282,213.0,5,59,1,10,31,2022
1202,7,0.27,11.0,3,59,0,10,31,2022
1203,7,0.2,85.0,3,59,0,10,31,2022
1204,23,0.265282,17.0,2,22,0,10,31,2022
1205,5,0.3,49.0,3,22,3,10,31,2022
1206,23,0.265282,108.0,13,59,2,10,28,2022
1207,9,1.0,35.0,3,59,2,10,28,2022
1208,12,0.21,157.0,0,59,0,10,28,2022
1209,9,0.35,11.0,4,17,3,10,28,2022
1210,1,0.43,163.0,3,7,2,10,27,2022
1211,7,0.17,277.0,3,59,1,10,27,2022
1212,10,0.265282,328.0,7,59,0,10,27,2022
1213,18,1.0,157.0,1,22,3,10,27,2022
1214,23,0.265282,157.0,0,59,3,10,27,2022
1215,11,0.08,157.0,13,59,4,10,26,2022
1216,8,0.15,114.0,13,59,4,10,26,2022
1217,21,0.05,97.0,13,59,4,10,26,2022
1218,25,0.17,750.0,7,59,2,10,26,2022
1219,27,0.265282,3600.0,0,59,2,10,26,2022
1220,7,0.12,157.0,2,59,1,10,26,2022
1221,11,0.265282,683.0,6,59,3,10,26,2022
1222,7,0.42,553.0,5,59,2,10,25,2022
1223,7,0.12,142.0,4,59,0,10,25,2022
1224,10,0.5,15.0,1,25,0,10,25,2022
1225,18,0.35,157.0,5,59,3,10,25,2022
1226,15,0.265282,1100.0,6,59,3,10,25,2022
1227,12,0.05,157.0,13,34,4,10,24,2022
1228,12,0.2,462.0,4,59,4,10,24,2022
1229,25,0.14,849.0,7,59,2,10,24,2022
1230,21,0.265282,214.0,0,17,2,10,24,2022
1231,19,0.04,336.0,5,5,1,10,24,2022
1232,12,0.16,86.0,0,25,1,10,23,2022
1233,12,0.38,36.0,0,25,0,10,23,2022
1234,24,0.1,138.0,12,59,2,10,21,2022
1235,25,0.01,157.0,13,59,2,10,21,2022
1236,7,0.33,30.0,0,17,1,10,21,2022
1237,12,0.3,4.0,2,22,0,10,21,2022
1238,27,0.54,575.0,13,59,3,10,21,2022
1239,17,0.12,127.0,4,5,2,10,20,2022
1240,21,0.46,151.0,4,59,1,10,20,2022
1241,20,0.11,203.0,4,59,0,10,20,2022
1242,24,0.265282,5.0,12,59,0,10,20,2022
1243,27,0.265282,629.0,13,58,3,10,20,2022
1244,21,0.2,365.0,6,59,3,10,20,2022
1245,19,0.5,260.0,13,59,2,10,20,2022
1246,9,0.265282,3400.0,9,59,4,10,19,2022
1247,7,0.3,177.0,3,59,0,10,19,2022
1248,25,0.12,88.0,3,58,0,10,19,2022
1249,21,0.265282,13.0,3,59,3,10,19,2022
1250,4,0.265282,596.0,8,4,3,10,19,2022
1251,21,0.265282,313.0,0,59,3,10,19,2022
1252,23,0.07,1700.0,8,59,1,10,18,2022
1253,23,0.21,71.0,13,59,1,10,18,2022
1254,12,0.265282,189.0,3,17,0,10,17,2022
1255,17,0.05,157.0,0,0,1,10,17,2022
1256,19,0.265282,1.0,13,59,3,10,17,2022
1257,3,1.0,42.0,3,17,3,10,17,2022
1258,18,0.21,235.0,0,59,0,10,16,2022
1259,11,0.265282,157.0,0,9,3,10,16,2022
1260,21,0.27,157.0,0,59,4,10,14,2022
1261,9,0.19,122.0,13,59,3,10,14,2022
1262,7,1.0,9.0,0,58,3,10,14,2022
1263,5,1.0,157.0,1,22,3,10,14,2022
1264,24,0.265282,65.0,13,59,1,10,13,2022
1265,2,1.0,10.0,14,59,1,10,13,2022
1266,25,0.265282,61.0,4,59,3,10,13,2022
1267,5,0.05,5500.0,12,22,4,10,12,2022
1268,24,0.1,426.0,6,59,2,10,12,2022
1269,19,0.265282,1500.0,13,52,2,10,12,2022
1270,5,0.75,17.0,2,22,0,10,12,2022
1271,12,0.1,657.0,7,59,4,10,11,2022
1272,7,0.265282,450.0,4,59,1,10,11,2022
1273,7,0.11,1500.0,5,59,2,10,11,2022
1274,21,0.3,217.0,4,59,2,10,11,2022
1275,19,0.265282,20.0,2,34,1,10,11,2022
1276,5,0.13,235.0,0,59,1,10,11,2022
1277,17,0.35,2.0,1,12,0,10,11,2022
1278,6,0.265282,16.0,2,58,3,10,11,2022
1279,3,0.265282,157.0,0,20,3,10,11,2022
1280,10,0.265282,157.0,1,59,0,10,11,2022
1281,9,0.265282,367.0,13,59,4,10,10,2022
1282,17,0.11,1100.0,13,59,1,10,10,2022
1283,13,0.96,103.0,5,59,1,10,10,2022
1284,12,0.2,315.0,4,59,1,10,10,2022
1285,13,0.33,58.0,0,59,3,10,10,2022
1286,23,1.0,157.0,14,59,3,10,9,2022
1287,12,0.04,585.0,13,59,2,10,7,2022
1288,4,0.265282,30.0,5,59,1,10,7,2022
1289,3,0.3,156.0,0,48,4,10,6,2022
1290,8,0.12,1900.0,13,59,4,10,6,2022
1291,21,0.265282,347.0,4,59,2,10,6,2022
1292,5,0.05,157.0,14,59,1,10,6,2022
1293,9,0.06,1900.0,9,59,1,10,6,2022
1294,7,0.265282,645.0,0,48,3,10,6,2022
1295,7,0.265282,29.0,3,35,3,10,6,2022
1296,7,0.4,58.0,3,59,3,10,6,2022
1297,18,0.265282,2100.0,13,52,3,10,6,2022
1298,22,0.25,29.0,4,59,1,10,5,2022
1299,12,0.5,73.0,3,59,3,10,5,2022
1300,26,0.09,253.0,13,59,2,10,4,2022
1301,27,0.16,105.0,3,1,1,10,4,2022
1302,21,0.13,35.0,3,59,0,10,4,2022
1303,4,0.05,157.0,5,59,3,10,4,2022
1304,7,0.05,534.0,5,23,3,10,4,2022
1305,17,0.15,360.0,4,59,3,10,3,2022
1306,8,0.265282,298.0,4,59,0,10,3,2022
1307,3,0.4,157.0,14,22,1,10,2,2022
1308,27,0.1,8.0,14,59,1,9,30,2022
1309,27,0.1,607.0,6,31,3,9,30,2022
1310,9,1.0,157.0,0,59,0,9,30,2022
1311,12,0.265282,255.0,5,59,3,9,30,2022
1312,23,0.265282,237.0,13,17,2,9,29,2022
1313,13,0.2,173.0,5,59,0,9,29,2022
1314,7,0.1,385.0,0,17,3,9,29,2022
1315,10,0.265282,107.0,5,17,3,9,29,2022
1316,24,0.09,536.0,13,59,4,9,28,2022
1317,26,0.265282,203.0,5,59,3,9,28,2022
1318,27,0.1,575.0,13,59,3,9,28,2022
1319,21,0.12,180.0,3,59,0,9,27,2022
1320,4,0.265282,692.0,0,58,3,9,27,2022
1321,9,0.265282,2900.0,0,59,3,9,24,2022
1322,7,0.265282,706.0,6,59,2,9,23,2022
1323,7,0.15,150.0,3,17,1,9,23,2022
1324,9,0.035,166.0,4,59,0,9,23,2022
1325,25,0.05,474.0,5,7,0,9,23,2022
1326,19,1.0,6.0,1,59,3,9,23,2022
1327,3,0.33,1400.0,12,59,2,9,22,2022
1328,7,0.265282,3700.0,0,52,2,9,22,2022
1329,23,0.35,136.0,5,58,3,9,22,2022
1330,0,1.0,1.0,0,59,2,9,21,2022
1331,10,0.265282,5.0,1,59,3,9,21,2022
1332,21,0.265282,1600.0,13,59,4,9,20,2022
1333,12,0.265282,8.0,1,59,2,9,20,2022
1334,26,0.16,190.0,4,7,1,9,20,2022
1335,27,0.02,244.0,14,5,1,9,20,2022
1336,27,0.1,282.0,13,59,3,9,20,2022
1337,23,0.04,62.0,14,59,3,9,20,2022
1338,27,0.265282,5000.0,11,22,2,9,19,2022
1339,12,0.43,75.0,3,59,0,9,19,2022
1340,17,0.02,456.0,7,59,3,9,19,2022
1341,9,0.265282,157.0,0,23,3,9,18,2022
1342,7,0.2,140.0,4,22,2,9,16,2022
1343,7,0.1,271.0,6,59,0,9,16,2022
1344,26,0.11,42.0,13,59,2,9,15,2022
1345,18,0.15,126.0,13,52,1,9,15,2022
1346,10,0.2,67.0,4,59,0,9,15,2022
1347,12,0.265282,90.0,3,59,3,9,15,2022
1348,17,0.07,108.0,0,59,3,9,15,2022
1349,19,0.11,614.0,13,59,4,9,14,2022
1350,17,0.3,137.0,3,17,1,9,14,2022
1351,19,0.05,604.0,5,17,1,9,14,2022
1352,18,0.265282,121900.0,13,59,0,9,14,2022
1353,13,0.14,83.0,4,21,3,9,14,2022
1354,12,0.75,445.0,13,59,2,9,13,2022
1355,7,0.05,1800.0,5,58,2,9,13,2022
1356,17,0.06,445.0,13,59,2,9,13,2022
1357,18,0.17,413.0,7,59,1,9,13,2022
1358,17,0.12,197.0,0,59,3,9,13,2022
1359,21,1.0,33.0,2,61,3,9,13,2022
1360,27,0.265282,28.0,14,5,1,9,12,2022
1361,4,0.265282,81.0,5,59,0,9,12,2022
1362,10,0.28,17.0,2,25,0,9,12,2022
1363,19,0.23,91.0,3,59,3,9,12,2022
1364,23,0.24,526.0,13,59,3,9,12,2022
1365,4,0.265282,84.0,3,59,3,9,12,2022
1366,9,0.265282,6.0,14,7,4,9,9,2022
1367,6,0.265282,145.0,4,1,1,9,9,2022
1368,18,0.265282,413.0,7,59,0,9,9,2022
1369,3,0.1,328.0,3,20,3,9,9,2022
1370,7,0.265282,33.0,2,13,3,9,9,2022
1371,7,1.0,125.0,5,59,3,9,9,2022
1372,5,0.265282,175.0,14,59,3,9,9,2022
1373,23,0.15,45.0,0,59,3,9,9,2022
1374,5,1.0,20.0,4,22,3,9,9,2022
1375,5,0.265282,686.0,5,2,2,9,8,2022
1376,23,0.08,120.0,0,54,1,9,8,2022
1377,12,0.265282,120.0,4,59,0,9,8,2022
1378,4,0.07,200.0,13,59,3,9,8,2022
1379,21,0.265282,157.0,14,59,3,9,8,2022
1380,9,1.0,173.0,0,12,2,9,7,2022
1381,9,0.265282,749.0,14,48,1,9,7,2022
1382,27,0.265282,24700.0,13,29,1,9,7,2022
1383,7,0.265282,172.0,0,22,1,9,7,2022
1384,26,0.05,240.0,5,59,1,9,7,2022
1385,20,0.05,469.0,7,59,1,9,7,2022
1386,24,0.03,143.0,9,59,0,9,7,2022
1387,4,0.265282,264.0,4,25,3,9,7,2022
1388,12,0.5,100.0,4,59,3,9,7,2022
1389,19,0.265282,100.0,5,25,3,9,7,2022
1390,12,0.33,42.0,3,59,0,9,6,2022
1391,14,0.33,41.0,4,25,0,9,6,2022
1392,21,0.14,108.0,4,59,3,9,6,2022
1393,18,0.25,163.0,0,59,3,9,6,2022
1394,7,0.05,91.0,3,36,0,9,2,2022
1395,23,0.265282,16.0,3,36,3,9,2,2022
1396,2,0.265282,8600.0,13,48,3,9,2,2022
1397,3,0.15,250.0,0,5,2,9,1,2022
1398,12,0.08,379.0,6,59,1,9,1,2022
1399,23,0.265282,122.0,13,7,1,9,1,2022
1400,8,0.15,95.0,0,17,1,9,1,2022
1401,7,0.265282,67.0,3,52,0,9,1,2022
1402,2,0.2,4900.0,13,59,4,8,31,2022
1403,12,0.16,910.0,13,59,2,8,31,2022
1404,7,0.1,188.0,0,17,2,8,31,2022
1405,7,0.1,1300.0,13,59,1,8,31,2022
1406,24,0.265282,496.0,7,59,1,8,31,2022
1407,2,0.265282,44.0,3,22,0,8,31,2022
1408,12,0.2,173.0,13,59,0,8,31,2022
1409,21,0.1,169.0,5,59,0,8,31,2022
1410,23,0.36,157.0,0,17,0,8,31,2022
1411,10,0.265282,221.0,0,59,3,8,31,2022
1412,21,1.0,117.0,4,59,3,8,31,2022
1413,19,0.265282,157.0,0,18,3,8,31,2022
1414,19,0.265282,212.0,5,59,1,8,30,2022
1415,25,0.1,123.0,4,58,0,8,30,2022
1416,23,0.265282,47.0,2,59,0,8,30,2022
1417,23,0.265282,1100.0,7,22,4,8,29,2022
1418,12,0.3,44.0,3,59,1,8,29,2022
1419,3,0.265282,310.0,4,59,3,8,29,2022
1420,2,0.265282,287.0,13,59,3,8,29,2022
1421,27,0.265282,231.0,13,25,3,8,28,2022
1422,19,0.265282,974.0,14,59,1,8,26,2022
1423,25,0.265282,1200.0,13,59,0,8,26,2022
1424,7,0.07,78.0,3,59,0,8,26,2022
1425,21,0.265282,905.0,0,59,3,8,26,2022
1426,9,0.265282,280.0,14,59,0,8,25,2022
1427,23,0.1,157.0,14,5,0,8,25,2022
1428,17,0.1,361.0,12,59,3,8,25,2022
1429,15,0.07,330.0,6,59,3,8,25,2022
1430,21,1.0,117.0,3,59,2,8,24,2022
1431,7,0.2,24.0,2,59,0,8,24,2022
1432,9,0.265282,157.0,0,59,3,8,24,2022
1433,27,0.16,646.0,5,17,2,8,23,2022
1434,23,0.2,472.0,0,59,2,8,23,2022
1435,19,0.08,91.0,4,7,1,8,23,2022
1436,10,0.08,114.0,4,59,0,8,23,2022
1437,10,0.5,3.0,1,59,0,8,23,2022
1438,4,0.26,1000.0,8,59,3,8,23,2022
1439,23,0.265282,157.0,13,1,3,8,23,2022
1440,5,0.265282,136.0,0,59,3,8,23,2022
1441,9,0.17,73.0,2,59,3,8,22,2022
1442,23,1.0,56.0,0,22,3,8,22,2022
1443,25,0.14,1.0,1,25,2,8,21,2022
1444,25,0.1,21.0,14,59,1,8,21,2022
1445,17,0.03,187.0,5,59,0,8,20,2022
1446,23,0.05,1700.0,13,59,4,8,19,2022
1447,7,0.265282,2300.0,9,59,1,8,19,2022
1448,3,0.8,157.0,0,48,0,8,19,2022
1449,13,0.05,214.0,13,59,2,8,18,2022
1450,12,0.17,215.0,4,59,0,8,18,2022
1451,7,0.265282,704.0,5,59,3,8,18,2022
1452,12,0.1,209.0,4,59,3,8,18,2022
1453,17,0.05,178.0,5,7,3,8,18,2022
1454,25,0.14,80.0,3,59,2,8,17,2022
1455,19,0.82,157.0,1,5,1,8,17,2022
1456,3,0.21,157.0,0,1,1,8,17,2022
1457,19,0.265282,74.0,4,59,1,8,17,2022
1458,3,0.2,157.0,2,59,1,8,17,2022
1459,7,0.265282,104.0,4,5,1,8,17,2022
1460,12,0.14,293.0,5,7,1,8,16,2022
1461,4,0.09,205.0,5,25,0,8,16,2022
1462,10,0.15,11.0,2,59,0,8,16,2022
1463,3,0.265282,156.0,0,48,3,8,16,2022
1464,5,1.0,77.0,14,59,3,8,16,2022
1465,21,0.1,253.0,5,59,3,8,16,2022
1466,19,0.265282,467.0,0,59,3,8,16,2022
1467,12,0.13,791.0,13,59,4,8,15,2022
1468,7,0.12,665.0,13,59,2,8,15,2022
1469,12,0.37,380.0,13,59,0,8,15,2022
1470,23,0.15,305.0,13,59,3,8,15,2022
1471,21,0.265282,15.0,2,25,0,8,14,2022
1472,19,0.265282,45.0,2,59,3,8,13,2022
1473,8,0.13,1900.0,13,59,4,8,12,2022
1474,3,0.1,169.0,13,59,3,8,12,2022
1475,19,0.265282,20.0,2,59,3,8,12,2022
1476,12,0.33,255.0,5,59,2,8,11,2022
1477,12,0.2,218.0,4,59,1,8,11,2022
1478,15,0.08,201.0,5,59,1,8,11,2022
1479,23,0.09,42.0,2,28,1,8,11,2022
1480,12,0.265282,204.0,4,8,0,8,11,2022
1481,22,0.265282,26.0,4,1,0,8,11,2022
1482,7,0.02,24.0,13,59,3,8,11,2022
1483,5,0.1,40.0,3,5,1,8,10,2022
1484,17,0.12,105.0,4,58,0,8,10,2022
1485,21,0.2,160.0,3,59,3,8,10,2022
1486,17,1.0,238.0,4,58,3,8,10,2022
1487,12,0.2,301.0,5,59,3,8,10,2022
1488,12,0.2,75.0,13,59,4,8,9,2022
1489,17,0.3,300.0,4,7,4,8,9,2022
1490,13,0.04,1100.0,13,59,4,8,9,2022
1491,12,0.25,533.0,13,59,2,8,9,2022
1492,17,0.265282,58.0,13,25,2,8,9,2022
1493,23,0.03,338.0,6,5,1,8,9,2022
1494,7,0.265282,504.0,5,59,1,8,9,2022
1495,2,0.17,165.0,0,1,1,8,9,2022
1496,23,0.3,114.0,4,59,1,8,9,2022
1497,12,0.265282,237.0,13,59,0,8,9,2022
1498,24,0.265282,102.0,3,7,0,8,9,2022
1499,12,0.12,272.0,13,59,3,8,9,2022
1500,7,0.15,814.0,0,59,3,8,9,2022
1501,9,1.0,7.0,1,59,3,8,9,2022
1502,18,0.1,166.0,13,59,3,8,9,2022
1503,27,0.265282,504.0,13,59,3,8,9,2022
1504,9,0.265282,478.0,13,59,3,8,9,2022
1505,23,0.15,1400.0,13,59,4,8,8,2022
1506,15,0.15,507.0,7,5,4,8,8,2022
1507,27,0.265282,1300.0,13,59,4,8,8,2022
1508,2,0.265282,535.0,13,59,1,8,8,2022
1509,4,0.265282,188.0,5,59,0,8,8,2022
1510,17,0.05,76.0,13,25,0,8,8,2022
1511,9,0.15,120.0,5,59,3,8,8,2022
1512,4,0.265282,1000.0,8,59,3,8,8,2022
1513,2,0.1,30.0,14,59,2,8,5,2022
1514,23,0.1,28.0,3,7,1,8,5,2022
1515,17,0.17,42.0,2,7,0,8,5,2022
1516,15,0.265282,76.0,3,59,3,8,5,2022
1517,26,0.265282,497.0,5,59,3,8,5,2022
1518,7,0.13,679.0,13,59,4,8,4,2022
1519,23,0.17,157.0,3,7,2,8,4,2022
1520,2,0.17,652.0,0,59,2,8,4,2022
1521,12,0.08,242.0,13,59,2,8,4,2022
1522,5,0.04,166.0,6,22,1,8,4,2022
1523,26,0.265282,85.0,14,59,1,8,4,2022
1524,5,0.33,20.0,2,59,1,8,4,2022
1525,1,0.12,163.0,3,7,1,8,4,2022
1526,26,0.265282,44.0,13,59,1,8,4,2022
1527,12,0.16,100.0,4,59,3,8,4,2022
1528,7,0.2,290.0,3,5,3,8,4,2022
1529,2,0.265282,59.0,14,59,3,8,4,2022
1530,19,0.1,157.0,14,59,3,8,4,2022
1531,5,0.3,20.0,3,23,3,8,4,2022
1532,12,0.265282,244.0,4,59,2,8,3,2022
1533,17,0.2,39.0,2,7,1,8,3,2022
1534,9,0.265282,122.0,13,59,0,8,3,2022
1535,10,0.265282,39.0,3,59,0,8,3,2022
1536,27,0.265282,497.0,6,22,3,8,3,2022
1537,13,0.15,189.0,14,59,3,8,3,2022
1538,2,0.2,542.0,0,17,3,8,3,2022
1539,17,0.15,9.0,12,30,3,8,3,2022
1540,7,0.23,5600.0,13,59,4,8,2,2022
1541,25,0.37,342.0,13,59,2,8,2,2022
1542,5,0.265282,292.0,6,22,2,8,2,2022
1543,15,0.265282,107.0,0,59,1,8,2,2022
1544,20,0.25,175.0,4,59,1,8,2,2022
1545,24,0.05,489.0,8,59,1,8,2,2022
1546,15,0.2,26.0,3,28,1,8,2,2022
1547,10,0.265282,71.0,14,59,0,8,2,2022
1548,20,0.3,75.0,3,59,0,8,2,2022
1549,23,0.08,266.0,6,59,0,8,2,2022
1550,12,0.1,530.0,13,59,3,8,2,2022
1551,18,0.265282,151.0,13,59,3,8,2,2022
1552,7,0.5,58.0,4,5,1,8,1,2022
1553,5,0.265282,1.0,1,59,3,8,1,2022
1554,9,0.265282,194.0,5,22,3,8,1,2022
1555,18,0.265282,157.0,0,58,3,8,1,2022
1556,19,0.265282,157.0,13,59,3,8,1,2022
1557,27,1.0,20.0,2,59,3,8,1,2022
1558,19,0.265282,10.0,2,37,3,8,1,2022
1559,17,1.0,18.0,3,1,1,7,31,2022
1560,10,0.32,15.0,1,25,0,7,31,2022
1561,17,0.5,157.0,0,59,3,7,31,2022
1562,27,0.265282,5000.0,11,22,4,7,29,2022
1563,7,0.25,681.0,4,7,2,7,29,2022
1564,9,0.265282,229.0,5,59,1,7,29,2022
1565,9,0.265282,58.0,3,59,1,7,29,2022
1566,17,0.06,65.0,4,59,0,7,29,2022
1567,28,0.265282,11.0,0,7,0,7,29,2022
1568,3,0.265282,11.0,0,47,3,7,29,2022
1569,9,0.265282,1700.0,13,9,3,7,29,2022
1570,21,1.0,6.0,0,1,3,7,29,2022
1571,21,0.265282,405.0,4,59,2,7,28,2022
1572,5,0.33,51.0,3,59,1,7,28,2022
1573,7,0.2,510.0,14,59,1,7,28,2022
1574,7,0.265282,130.0,13,35,1,7,28,2022
1575,23,0.265282,202.0,13,59,0,7,28,2022
1576,2,0.265282,1.0,1,7,0,7,28,2022
1577,5,0.2,426.0,13,59,3,7,28,2022
1578,23,0.265282,12.0,2,22,3,7,28,2022
1579,24,0.265282,12.0,2,59,3,7,28,2022
1580,19,0.19,72.0,5,59,3,7,28,2022
1581,18,0.265282,17.0,14,59,3,7,28,2022
1582,6,0.2,491.0,0,59,3,7,28,2022
1583,27,0.06,10700.0,13,59,4,7,27,2022
1584,18,0.02,307.0,7,59,0,7,27,2022
1585,3,0.24,98.0,0,7,0,7,27,2022
1586,17,0.04,60.0,6,25,0,7,27,2022
1587,23,0.1,122.0,13,7,4,7,26,2022
1588,21,0.265282,214.0,0,17,1,7,26,2022
1589,19,0.08,111.0,13,25,1,7,26,2022
1590,7,0.17,41.0,3,1,0,7,26,2022
1591,17,0.03,394.0,13,59,0,7,26,2022
1592,22,0.3,22.0,2,59,0,7,26,2022
1593,3,0.06,279.0,4,1,0,7,26,2022
1594,19,0.265282,974.0,14,59,1,7,25,2022
1595,12,0.09,409.0,13,59,0,7,25,2022
1596,12,0.06,272.0,6,59,3,7,25,2022
1597,26,1.0,18.0,14,25,2,7,24,2022
1598,12,0.2,69.0,4,59,1,7,22,2022
1599,10,0.265282,58.0,3,59,1,7,22,2022
1600,7,0.22,15.0,2,5,0,7,22,2022
1601,12,0.05,328.0,5,59,0,7,22,2022
1602,25,0.265282,157.0,0,59,3,7,22,2022
1603,23,0.05,137.0,3,59,3,7,22,2022
1604,12,0.265282,178.0,13,59,3,7,22,2022
1605,24,0.265282,200.0,5,59,3,7,22,2022
1606,20,0.265282,62.0,14,59,3,7,22,2022
1607,3,0.25,490.0,5,58,2,7,21,2022
1608,18,0.35,157.0,5,59,2,7,21,2022
1609,25,0.22,157.0,13,59,2,7,21,2022
1610,8,0.15,404.0,7,59,1,7,21,2022
1611,27,0.1,329.0,5,59,1,7,21,2022
1612,9,0.33,72.0,3,59,1,7,21,2022
1613,12,0.05,42.0,3,59,0,7,21,2022
1614,12,0.1,247.0,6,59,3,7,21,2022
1615,26,0.265282,45.0,3,59,3,7,21,2022
1616,20,0.5,356.0,7,59,3,7,21,2022
1617,20,0.265282,192.0,4,59,3,7,21,2022
1618,19,0.265282,157.0,12,59,3,7,21,2022
1619,9,0.265282,2800.0,13,34,4,7,20,2022
1620,21,0.2,310.0,4,59,2,7,20,2022
1621,7,0.265282,992.0,6,59,1,7,20,2022
1622,19,0.265282,48.0,4,59,1,7,20,2022
1623,27,0.02,4900.0,13,59,1,7,20,2022
1624,24,0.16,125.0,4,7,1,7,20,2022
1625,19,0.2,51.0,0,25,0,7,20,2022
1626,18,0.265282,159.0,5,59,0,7,20,2022
1627,24,0.09,58.0,3,7,0,7,20,2022
1628,10,0.265282,1.0,1,59,0,7,20,2022
1629,12,0.265282,2000.0,13,59,4,7,19,2022
1630,12,0.31,856.0,9,59,4,7,19,2022
1631,7,0.265282,323.0,6,59,0,7,19,2022
1632,23,0.265282,766.0,0,17,0,7,19,2022
1633,10,0.2,157.0,0,58,0,7,19,2022
1634,12,0.13,570.0,5,59,3,7,19,2022
1635,12,0.265282,200.0,4,59,1,7,18,2022
1636,3,0.07,423.0,0,59,1,7,18,2022
1637,17,0.1,245.0,3,59,0,7,18,2022
1638,12,0.265282,323.0,3,59,3,7,18,2022
1639,9,0.25,107.0,14,59,3,7,18,2022
1640,8,0.35,269.0,5,59,3,7,18,2022
1641,2,0.265282,157.0,14,59,3,7,18,2022
1642,2,0.06,450.0,13,59,3,7,18,2022
1643,7,0.5,31.0,2,22,2,7,15,2022
1644,15,0.05,817.0,0,59,1,7,15,2022
1645,23,0.2,265.0,0,59,0,7,15,2022
1646,17,0.265282,27.0,2,59,0,7,15,2022
1647,2,0.17,40.0,4,59,3,7,15,2022
1648,7,0.17,202.0,4,58,1,7,14,2022
1649,10,0.15,115.0,4,59,1,7,14,2022
1650,3,0.25,7.0,3,59,1,7,14,2022
1651,21,0.07,240.0,6,59,0,7,14,2022
1652,12,0.265282,560.0,6,59,3,7,14,2022
1653,1,0.265282,45.0,3,17,3,7,14,2022
1654,3,0.2,427.0,4,59,3,7,14,2022
1655,7,0.15,292.0,2,46,4,7,13,2022
1656,8,0.35,450.0,6,59,4,7,13,2022
1657,15,0.4,336.0,4,59,2,7,13,2022
1658,20,0.3,89.0,3,17,2,7,13,2022
1659,9,0.2,64.0,4,59,2,7,13,2022
1660,23,0.18,23.0,0,5,1,7,13,2022
1661,2,0.265282,120.0,4,59,0,7,13,2022
1662,27,0.265282,2100.0,5,59,0,7,13,2022
1663,27,0.3,629.0,13,58,3,7,13,2022
1664,7,0.265282,53.0,4,59,3,7,13,2022
1665,19,0.15,241.0,5,59,3,7,13,2022
1666,9,0.1,3400.0,9,59,4,7,12,2022
1667,9,0.265282,63.0,3,22,2,7,12,2022
1668,12,0.265282,1100.0,13,58,2,7,12,2022
1669,17,0.12,153.0,3,59,1,7,12,2022
1670,15,1.0,109.0,3,38,3,7,12,2022
1671,19,0.265282,1.0,13,59,3,7,12,2022
1672,23,0.265282,61.0,0,59,3,7,12,2022
1673,19,0.29,1000.0,5,58,2,7,11,2022
1674,12,0.265282,174.0,4,5,1,7,11,2022
1675,17,0.13,74.0,5,59,0,7,11,2022
1676,9,0.265282,640.0,6,59,3,7,11,2022
1677,12,0.05,225.0,5,59,3,7,11,2022
1678,3,0.5,9.0,2,59,3,7,11,2022
1679,9,0.265282,150.0,4,59,3,7,9,2022
1680,19,0.265282,184.0,4,9,4,7,8,2022
1681,9,1.0,50.0,3,59,4,7,8,2022
1682,12,0.24,127.0,3,59,2,7,8,2022
1683,17,0.03,108.0,0,59,3,7,8,2022
1684,27,0.05,3600.0,0,59,2,7,7,2022
1685,7,0.17,881.0,6,59,2,7,7,2022
1686,17,0.265282,20.0,0,59,0,7,7,2022
1687,17,0.18,78.0,3,59,0,7,7,2022
1688,12,0.24,351.0,5,59,3,7,7,2022
1689,2,0.265282,5700.0,13,59,3,7,7,2022
1690,10,0.09,496.0,4,59,2,7,6,2022
1691,23,0.265282,122.0,13,7,1,7,6,2022
1692,4,0.27,64.0,4,59,0,7,6,2022
1693,4,0.18,77.0,3,59,0,7,6,2022
1694,9,0.265282,344.0,3,59,3,7,6,2022
1695,21,0.12,788.0,0,5,4,7,5,2022
1696,17,0.3,194.0,6,59,2,7,5,2022
1697,7,0.06,322.0,0,25,2,7,5,2022
1698,4,0.1,569.0,6,59,1,7,5,2022
1699,5,0.18,240.0,5,59,0,7,5,2022
1700,3,0.08,300.0,0,20,0,7,5,2022
1701,25,0.07,583.0,2,59,0,7,5,2022
1702,7,0.33,28.0,2,59,0,7,5,2022
1703,23,0.08,71.0,4,25,0,7,5,2022
1704,2,0.12,335.0,5,25,1,7,4,2022
1705,2,0.265282,0.0,14,58,0,7,4,2022
1706,15,0.12,69.0,4,1,0,7,4,2022
1707,19,0.15,90.0,2,17,0,7,4,2022
1708,2,0.265282,26.0,4,1,3,7,4,2022
1709,9,0.265282,1300.0,4,17,4,7,3,2022
1710,3,0.25,864.0,3,59,2,7,3,2022
1711,12,0.265282,263.0,5,59,3,7,2,2022
1712,12,0.265282,2.0,1,1,3,7,2,2022
1713,7,0.1,25.0,2,1,3,7,2,2022
1714,28,1.0,26.0,3,59,1,7,1,2022
1715,27,0.06,300.0,13,59,1,7,1,2022
1716,12,0.265282,157.0,0,59,1,7,1,2022
1717,13,0.06,169.0,4,59,0,7,1,2022
1718,26,0.265282,38.0,2,59,3,7,1,2022
1719,23,0.18,310.0,13,59,4,6,30,2022
1720,5,1.0,3.0,1,22,2,6,30,2022
1721,7,0.08,480.0,0,59,0,6,30,2022
1722,23,0.2,47.0,2,59,0,6,30,2022
1723,25,0.265282,849.0,7,59,0,6,30,2022
1724,20,0.12,58.0,3,59,0,6,30,2022
1725,7,0.1,22.0,2,17,0,6,30,2022
1726,3,0.05,106.0,4,59,0,6,30,2022
1727,14,1.0,5.0,1,59,3,6,30,2022
1728,7,0.265282,7.0,2,59,3,6,30,2022
1729,21,0.15,135.0,4,59,3,6,30,2022
1730,5,0.265282,112.0,14,22,4,6,29,2022
1731,19,0.04,1300.0,13,59,2,6,29,2022
1732,2,0.08,770.0,5,59,1,6,29,2022
1733,28,0.265282,811.0,0,59,1,6,29,2022
1734,4,0.19,347.0,6,59,1,6,29,2022
1735,27,0.22,153.0,3,7,1,6,29,2022
1736,13,0.265282,8.0,0,59,1,6,29,2022
1737,27,0.2,13.0,0,22,0,6,29,2022
1738,19,0.3,25.0,3,17,0,6,29,2022
1739,27,0.25,13.0,2,59,0,6,29,2022
1740,18,0.14,82.0,3,59,0,6,29,2022
1741,23,0.265282,157.0,0,59,3,6,29,2022
1742,5,0.15,411.0,5,59,3,6,29,2022
1743,21,0.19,743.0,5,59,3,6,29,2022
1744,23,0.265282,72.0,4,59,3,6,29,2022
1745,7,1.0,90.0,6,1,3,6,29,2022
1746,3,0.3,2.0,0,9,4,6,28,2022
1747,5,0.265282,11.0,14,22,4,6,28,2022
1748,23,0.08,690.0,6,59,2,6,28,2022
1749,12,0.4,163.0,4,59,2,6,28,2022
1750,12,0.1,71.0,5,57,1,6,28,2022
1751,4,0.08,250.0,0,25,0,6,28,2022
1752,12,0.5,20.0,3,1,0,6,28,2022
1753,23,0.265282,23.0,2,1,3,6,28,2022
1754,12,0.3,41.0,3,22,3,6,28,2022
1755,23,0.1,55.0,2,48,3,6,28,2022
1756,17,0.12,1600.0,13,59,4,6,27,2022
1757,4,0.05,2000.0,13,59,2,6,27,2022
1758,23,0.04,1500.0,0,22,2,6,27,2022
1759,12,0.265282,999.0,13,59,2,6,27,2022
1760,3,0.3,13.0,13,1,1,6,27,2022
1761,4,0.25,61.0,3,59,0,6,27,2022
1762,7,0.18,283.0,0,59,3,6,27,2022
1763,17,0.265282,106.0,4,59,1,6,26,2022
1764,3,0.27,546.0,4,2,4,6,24,2022
1765,7,0.23,124.0,2,59,1,6,24,2022
1766,7,0.14,137.0,4,59,1,6,24,2022
1767,7,0.12,406.0,5,59,0,6,24,2022
1768,23,0.265282,76.0,0,59,3,6,24,2022
1769,12,0.265282,45.0,3,59,3,6,24,2022
1770,18,0.03,121900.0,13,59,4,6,23,2022
1771,25,0.09,500.0,7,59,1,6,23,2022
1772,25,0.13,19.0,0,59,0,6,23,2022
1773,7,0.07,159.0,4,59,0,6,23,2022
1774,17,0.13,10.0,0,59,0,6,23,2022
1775,19,0.12,10.0,2,59,3,6,23,2022
1776,9,1.0,1.0,1,28,3,6,23,2022
1777,19,0.265282,229.0,6,59,3,6,23,2022
1778,21,0.1,472.0,5,59,3,6,23,2022
1779,12,0.18,1000.0,0,59,3,6,23,2022
1780,18,0.2,111.0,3,25,3,6,23,2022
1781,5,0.2,461.0,6,59,2,6,22,2022
1782,25,0.35,410.0,13,59,1,6,22,2022
1783,21,0.265282,171.0,4,59,1,6,22,2022
1784,26,0.265282,429.0,13,59,1,6,22,2022
1785,27,0.07,261.0,4,59,0,6,22,2022
1786,27,0.1,515.0,5,59,0,6,22,2022
1787,24,0.265282,51.0,3,59,0,6,22,2022
1788,9,0.16,134.0,4,7,0,6,22,2022
1789,18,0.265282,157.0,0,30,3,6,22,2022
1790,9,0.5,13.0,1,1,3,6,22,2022
1791,7,0.2,460.0,3,5,4,6,21,2022
1792,26,0.0,279.0,13,59,1,6,21,2022
1793,17,0.3,40.0,0,59,0,6,21,2022
1794,20,0.08,248.0,5,59,0,6,21,2022
1795,9,0.03,202.0,4,10,3,6,21,2022
1796,5,1.0,0.0,1,22,3,6,21,2022
1797,4,0.1,109.0,4,59,3,6,21,2022
1798,3,0.3,157.0,0,48,4,6,20,2022
1799,12,1.0,7.0,0,59,2,6,20,2022
1800,23,0.12,1000.0,6,48,2,6,20,2022
1801,9,0.3,12.0,0,22,1,6,20,2022
1802,23,0.55,27.0,2,7,0,6,20,2022
1803,6,0.15,145.0,4,1,0,6,20,2022
1804,18,0.2,32.0,0,59,3,6,20,2022
1805,23,0.3,112.0,4,22,2,6,19,2022
1806,3,0.05,30.0,3,57,0,6,19,2022
1807,5,0.03,838.0,9,22,2,6,18,2022
1808,2,0.265282,9400.0,0,9,2,6,17,2022
1809,7,0.13,646.0,6,59,1,6,17,2022
1810,25,0.2,49.0,3,59,0,6,17,2022
1811,9,0.05,430.0,3,59,1,6,16,2022
1812,21,0.15,178.0,5,59,1,6,16,2022
1813,12,0.265282,1600.0,0,22,0,6,16,2022
1814,12,0.5,50.0,2,59,3,6,16,2022
1815,23,0.17,169.0,4,15,4,6,15,2022
1816,7,0.13,900.0,0,7,2,6,15,2022
1817,9,0.1,863.0,6,59,2,6,15,2022
1818,14,0.25,213.0,5,59,2,6,15,2022
1819,18,0.15,65.0,0,25,1,6,15,2022
1820,19,0.23,83.0,3,59,0,6,15,2022
1821,2,0.265282,7.0,0,12,0,6,15,2022
1822,18,0.05,223.0,6,25,0,6,15,2022
1823,15,0.3,20.0,2,7,0,6,15,2022
1824,5,0.265282,93.0,3,39,3,6,15,2022
1825,21,1.0,44.0,3,59,3,6,15,2022
1826,3,0.18,549.0,13,59,4,6,14,2022
1827,21,0.08,319.0,13,59,4,6,14,2022
1828,21,0.1,1600.0,13,59,4,6,14,2022
1829,12,0.15,36.0,0,5,1,6,14,2022
1830,12,0.33,6.0,2,22,1,6,14,2022
1831,10,0.265282,6.0,1,10,0,6,14,2022
1832,3,0.1,204.0,5,59,0,6,14,2022
1833,7,0.265282,376.0,4,10,3,6,14,2022
1834,9,0.265282,157.0,0,48,3,6,14,2022
1835,3,0.2,1000.0,6,59,4,6,13,2022
1836,18,0.33,65.0,3,59,1,6,13,2022
1837,5,0.4,50.0,3,59,0,6,13,2022
1838,13,0.265282,152.0,4,59,3,6,13,2022
1839,19,0.12,811.0,13,59,3,6,13,2022
1840,3,0.05,156.0,0,48,4,6,10,2022
1841,15,0.3,150.0,6,22,4,6,10,2022
1842,23,0.1,1000.0,0,17,2,6,10,2022
1843,12,0.2,11.0,0,5,1,6,10,2022
1844,7,0.15,133.0,0,58,1,6,10,2022
1845,7,0.08,175.0,4,59,0,6,10,2022
1846,21,0.265282,6.0,0,59,3,6,10,2022
1847,13,0.265282,22.0,3,59,3,6,10,2022
1848,21,0.2,2100.0,0,9,3,6,10,2022
1849,25,0.25,926.0,4,59,4,6,9,2022
1850,23,0.15,79.0,13,59,4,6,9,2022
1851,23,0.15,157.0,0,52,2,6,9,2022
1852,15,0.07,1100.0,6,59,1,6,9,2022
1853,13,0.4,82.0,3,59,1,6,9,2022
1854,23,0.05,56.0,13,52,1,6,9,2022
1855,23,1.0,5.0,14,59,0,6,9,2022
1856,7,0.14,61.0,5,48,0,6,9,2022
1857,5,0.05,100.0,4,59,0,6,9,2022
1858,18,0.08,22.0,4,59,3,6,9,2022
1859,27,0.11,197.0,3,59,3,6,9,2022
1860,7,0.265282,1200.0,4,17,3,6,9,2022
1861,28,0.21,839.0,13,59,4,6,8,2022
1862,27,0.265282,1600.0,6,5,2,6,8,2022
1863,12,0.15,255.0,5,59,2,6,8,2022
1864,23,0.2,26.0,0,31,1,6,8,2022
1865,2,0.4,24.0,0,52,3,6,8,2022
1866,27,0.15,2000.0,13,58,4,6,7,2022
1867,7,0.15,172.0,0,22,2,6,7,2022
1868,17,0.265282,149.0,4,23,2,6,7,2022
1869,27,0.23,783.0,13,59,2,6,7,2022
1870,25,0.265282,275.0,0,59,2,6,7,2022
1871,23,0.265282,11.0,0,59,0,6,7,2022
1872,7,0.265282,42.0,2,59,3,6,7,2022
1873,7,0.265282,35.0,3,59,3,6,7,2022
1874,21,0.5,33.0,2,61,3,6,7,2022
1875,7,0.265282,681.0,4,7,1,6,6,2022
1876,19,0.07,603.0,5,59,1,6,6,2022
1877,25,0.1,259.0,5,59,3,6,6,2022
1878,17,0.14,152.0,4,59,3,6,6,2022
1879,5,0.265282,1200.0,6,22,0,6,4,2022
1880,2,0.2,157.0,0,5,1,6,3,2022
1881,2,0.22,108.0,4,59,0,6,3,2022
1882,9,0.15,176.0,14,59,0,6,3,2022
1883,6,0.25,12.0,2,1,3,6,3,2022
1884,2,0.265282,110.0,4,59,3,6,3,2022
1885,27,0.1,20200.0,13,59,3,6,3,2022
1886,12,0.08,522.0,5,59,4,6,2,2022
1887,9,0.265282,31.0,2,5,2,6,2,2022
1888,7,0.25,286.0,6,59,2,6,2,2022
1889,1,0.5,3.0,1,22,2,6,2,2022
1890,17,0.265282,157.0,0,1,2,6,2,2022
1891,3,0.1,423.0,0,59,2,6,2,2022
1892,15,0.08,325.0,5,59,1,6,2,2022
1893,2,0.33,76.0,3,59,0,6,2,2022
1894,9,0.265282,28.0,2,59,0,6,2,2022
1895,2,0.25,197.0,4,59,0,6,2,2022
1896,5,0.265282,37.0,0,59,3,6,2,2022
1897,2,1.0,17.0,3,59,3,6,2,2022
1898,7,0.265282,202.0,3,3,3,6,2,2022
1899,27,0.1,157.0,13,34,4,6,1,2022
1900,25,0.06,750.0,7,59,2,6,1,2022
1901,5,1.0,2.0,1,22,2,6,1,2022
1902,3,0.12,250.0,0,5,1,6,1,2022
1903,7,0.1,182.0,4,58,1,6,1,2022
1904,20,0.14,203.0,4,59,0,6,1,2022
1905,5,0.265282,136.0,0,59,0,6,1,2022
1906,28,0.35,32.0,3,58,0,6,1,2022
1907,2,0.265282,202.0,5,59,0,6,1,2022
1908,21,0.1,313.0,0,59,3,6,1,2022
1909,15,0.3,17.0,1,38,3,6,1,2022
1910,2,0.06,157.0,13,25,4,5,31,2022
1911,13,0.265282,85.0,4,59,1,5,31,2022
1912,7,0.33,110.0,2,59,1,5,31,2022
1913,27,0.265282,49.0,2,25,0,5,31,2022
1914,5,0.25,26.0,2,59,0,5,31,2022
1915,12,0.265282,462.0,4,59,3,5,31,2022
1916,27,0.32,132.0,13,57,4,5,30,2022
1917,2,0.1,375.0,6,22,2,5,30,2022
1918,7,0.03,50.0,0,5,2,5,30,2022
1919,4,0.265282,36.0,0,59,3,5,30,2022
1920,5,0.3,17.0,2,22,2,5,27,2022
1921,4,0.265282,23.0,2,22,0,5,27,2022
1922,7,0.26,118.0,0,58,0,5,27,2022
1923,15,0.265282,46.0,0,59,3,5,27,2022
1924,17,0.265282,120.0,4,59,3,5,27,2022
1925,17,0.265282,192.0,0,59,3,5,27,2022
1926,23,0.13,365.0,13,5,2,5,26,2022
1927,3,0.11,378.0,4,32,1,5,26,2022
1928,9,0.265282,749.0,14,43,1,5,26,2022
1929,2,0.02,157.0,0,58,1,5,26,2022
1930,25,0.2,1900.0,5,59,4,5,25,2022
1931,7,0.27,1300.0,6,59,2,5,25,2022
1932,7,0.265282,121.0,4,59,1,5,25,2022
1933,7,0.25,53.0,3,17,1,5,25,2022
1934,7,0.2,42.0,3,17,1,5,25,2022
1935,7,0.2,70.0,3,59,0,5,25,2022
1936,15,0.31,109.0,3,38,3,5,25,2022
1937,9,0.14,1800.0,6,55,3,5,25,2022
1938,9,0.1,300.0,0,58,3,5,25,2022
1939,9,0.5,1300.0,4,17,4,5,24,2022
1940,5,0.265282,20.0,3,23,2,5,24,2022
1941,7,0.265282,256.0,5,59,0,5,24,2022
1942,7,0.1,3700.0,0,52,4,5,23,2022
1943,7,0.265282,216.0,13,59,1,5,23,2022
1944,3,0.45,11.0,2,0,1,5,23,2022
1945,4,1.0,16.0,2,25,1,5,23,2022
1946,19,0.07,537.0,4,59,1,5,23,2022
1947,2,0.2,33.0,3,59,0,5,23,2022
1948,23,0.265282,322.0,6,5,3,5,23,2022
1949,12,0.75,97.0,4,22,4,5,21,2022
1950,25,0.28,342.0,13,59,2,5,20,2022
1951,18,0.15,174.0,3,59,1,5,20,2022
1952,2,0.1,287.0,13,59,1,5,20,2022
1953,27,0.06,1300.0,8,22,4,5,19,2022
1954,5,0.07,292.0,6,22,4,5,18,2022
1955,18,0.01,121900.0,13,59,2,5,17,2022
1956,12,0.1,568.0,5,52,2,5,17,2022
1957,2,0.08,195.0,4,59,1,5,17,2022
1958,9,0.4,29.0,2,59,2,5,16,2022
1959,23,0.265282,194.0,14,59,3,5,16,2022
1960,23,0.4,60.0,14,44,4,5,14,2022
1961,12,0.265282,209.0,14,59,0,5,14,2022
1962,7,0.265282,130.0,5,59,0,5,13,2022
1963,13,1.0,157.0,3,59,3,5,13,2022
1964,8,0.265282,619.0,4,59,2,5,12,2022
1965,5,0.265282,37.0,2,59,0,5,12,2022
1966,25,0.265282,29.0,14,59,3,5,12,2022
1967,4,0.07,1000.0,8,59,1,5,11,2022
1968,27,0.12,1600.0,13,59,4,5,10,2022
1969,7,0.15,679.0,13,59,4,5,10,2022
1970,28,0.33,238.0,4,58,2,5,10,2022
1971,25,0.06,342.0,13,59,0,5,10,2022
1972,19,0.5,293.0,4,16,4,5,9,2022
1973,27,0.14,1300.0,13,59,4,5,9,2022
1974,27,0.05,1500.0,0,59,4,5,6,2022
1975,12,0.265282,0.0,14,59,1,5,6,2022
1976,5,0.03,292.0,6,22,2,5,5,2022
1977,7,0.265282,202.0,14,59,2,5,5,2022
1978,20,0.1,192.0,4,59,1,5,5,2022
1979,5,0.25,20.0,2,59,1,5,5,2022
1980,9,1.0,3.0,1,1,4,5,4,2022
1981,6,0.265282,41.0,2,59,1,5,4,2022
1982,2,0.25,165.0,0,59,1,5,4,2022
1983,7,0.3,64.0,2,59,1,5,4,2022
1984,23,0.265282,7.0,2,59,0,5,4,2022
1985,7,0.265282,128.0,4,59,0,5,4,2022
1986,7,0.3,45.0,0,1,3,5,4,2022
1987,23,0.265282,3400.0,0,59,3,5,2,2022
1988,9,0.67,45.0,3,25,4,5,1,2022
1989,12,0.265282,657.0,7,59,4,4,29,2022
1990,5,0.19,130.0,5,59,2,4,28,2022
1991,18,0.265282,121900.0,13,59,0,4,28,2022
1992,8,0.265282,157.0,0,59,1,4,27,2022
1993,7,0.09,5600.0,13,59,4,4,26,2022
1994,23,0.34,27.0,2,7,0,4,26,2022
1995,19,0.265282,277.0,14,16,1,4,25,2022
1996,17,0.265282,58.0,3,59,0,4,25,2022
1997,2,0.09,917.0,6,9,2,4,21,2022
1998,23,0.3,502.0,5,5,4,4,20,2022
1999,7,0.265282,481.0,13,59,1,4,20,2022
2000,7,0.1,665.0,13,59,2,4,19,2022
2001,21,0.04,755.0,6,5,2,4,19,2022
2002,21,0.265282,788.0,0,5,2,4,19,2022
2003,21,0.265282,905.0,0,59,3,4,19,2022
2004,13,0.11,152.0,4,59,3,4,18,2022
2005,18,0.265282,4.0,14,59,0,4,15,2022
2006,12,1.0,2.0,0,59,3,4,15,2022
2007,12,1.0,9.0,0,59,1,4,14,2022
2008,12,0.265282,255.0,5,59,3,4,14,2022
2009,27,0.14,329.0,5,59,2,4,12,2022
2010,23,0.265282,1100.0,7,22,2,4,11,2022
2011,9,0.1,176.0,14,59,0,4,8,2022
2012,5,0.17,838.0,9,22,4,4,7,2022
2013,9,0.265282,16.0,13,7,1,4,7,2022
2014,6,0.265282,752.0,6,59,4,4,5,2022
2015,7,1.0,124.0,3,59,3,4,5,2022
2016,3,0.25,0.0,1,47,1,4,4,2022
2017,18,0.38,3.0,13,7,0,4,4,2022
2018,7,0.265282,42.0,3,25,0,3,31,2022
2019,23,0.265282,8600.0,13,22,4,3,30,2022
2020,4,0.4,40.0,3,17,1,3,30,2022
2021,9,0.03,3400.0,9,59,4,3,29,2022
2022,5,0.2,22.0,13,7,2,3,29,2022
2023,23,0.265282,228.0,5,22,2,3,26,2022
2024,23,0.17,474.0,6,59,3,3,19,2022
2025,18,0.1,275.0,13,52,2,3,17,2022
2026,12,0.265282,19.0,5,59,2,3,16,2022
2027,23,0.5,62.0,3,22,4,3,15,2022
2028,21,0.46,654.0,0,59,2,3,15,2022
2029,12,0.25,8.0,13,59,3,3,15,2022
2030,7,0.2,301.0,13,59,3,3,10,2022
2031,21,0.33,905.0,0,59,4,3,8,2022
2032,12,0.12,406.0,13,59,2,3,8,2022
2033,4,0.25,289.0,6,59,2,3,3,2022
2034,12,0.265282,1400.0,7,9,4,3,2,2022
2035,23,0.15,1600.0,13,59,2,3,1,2022
2036,8,0.265282,200.0,12,59,3,2,25,2022
2037,7,0.265282,85.0,3,22,0,2,24,2022
2038,5,0.265282,24.0,2,22,2,2,21,2022
2039,27,0.5,368.0,0,59,2,2,21,2022
2040,7,0.265282,28.0,14,52,2,2,17,2022
2041,9,0.15,118.0,5,5,2,2,16,2022
2042,21,0.29,35.0,3,59,2,2,14,2022
2043,19,0.12,1000.0,5,59,2,2,10,2022
2044,9,0.2,120.0,5,59,1,2,10,2022
2045,8,0.2,1900.0,13,59,4,2,8,2022
2046,4,0.265282,78.0,3,59,3,2,7,2022
2047,21,0.2,133.0,0,59,1,2,3,2022
2048,9,0.265282,3400.0,9,59,2,1,26,2022
2049,2,0.33,266.0,6,59,1,1,26,2022
2050,7,0.265282,527.0,13,59,4,1,20,2022
2051,27,0.25,8.0,14,59,3,1,8,2022
2052,9,0.265282,8300.0,13,17,4,12,22,2021
2053,8,0.265282,200.0,12,59,3,12,8,2021
2054,21,0.09,905.0,0,59,4,12,1,2021
2055,4,0.27,46.0,14,59,1,11,18,2021
2056,21,0.25,97.0,13,59,4,11,2,2021
2057,20,0.265282,356.0,0,59,0,10,5,2021
2058,18,1.0,70.0,4,59,3,10,1,2021
2059,19,0.265282,974.0,13,59,2,9,23,2021
2060,9,0.265282,229.0,5,59,3,9,22,2021
2061,2,0.265282,78.0,14,59,3,9,15,2021
2062,5,0.9,12.0,3,59,1,9,14,2021
2063,23,0.265282,339.0,13,59,3,9,14,2021
2064,25,0.265282,1000.0,0,59,0,8,30,2021
2065,5,0.5,14.0,2,59,0,8,24,2021
2066,2,0.265282,9400.0,0,9,4,8,5,2021
2067,10,0.265282,17.0,2,22,1,7,26,2021
2068,1,1.0,1600.0,0,59,4,6,1,2021
2069,7,0.265282,53.0,0,58,3,5,5,2021
2070,5,0.265282,122.0,4,59,1,4,29,2021
2071,18,1.0,16.0,3,59,3,4,29,2021
2072,18,0.265282,165.0,5,59,0,4,26,2021
2073,13,0.07,214.5,13,59,2,4,6,2021
2074,18,0.265282,132.0,4,59,3,3,24,2021
2075,18,0.265282,37.0,14,59,1,3,9,2021
2076,13,0.265282,157.0,3,59,3,3,3,2021
2077,4,0.265282,186.0,4,59,3,3,1,2021
2078,2,0.265282,105.0,0,59,3,2,24,2021
2079,9,0.265282,194.0,0,22,2,2,23,2021
2080,27,0.4,214.2,5,22,2,2,22,2021
2081,23,0.265282,305.0,7,59,2,2,9,2021
2082,19,0.265282,1200.0,7,59,1,2,9,2021
2083,22,1.0,157.0,0,59,0,2,4,2021
2084,9,0.2,39.0,14,17,1,2,3,2021
2085,23,1.0,61.0,3,7,1,2,1,2021
2086,2,0.265282,7400.0,0,22,4,1,27,2021
2087,4,0.265282,150.0,4,58,0,1,27,2021
2088,23,0.265282,50.0,14,59,4,1,25,2021
2089,9,0.15,763.0,14,59,2,1,23,2021
2090,9,0.265282,2400.0,0,59,4,1,21,2021
2091,17,1.0,20.0,0,48,0,1,20,2021
2092,19,0.15,1700.0,13,59,4,1,13,2021
2093,7,1.0,584.0,0,59,3,1,11,2021
2094,7,1.0,15.0,14,59,3,1,7,2021
2095,5,0.265282,11.0,14,22,4,1,6,2021
2096,25,0.265282,157.0,14,59,1,12,23,2020
2097,21,0.8,131.0,5,7,2,12,16,2020
2098,4,0.265282,352.0,14,59,1,12,16,2020
2099,28,0.265282,3200.0,7,22,4,12,8,2020
2100,10,0.265282,120.0,4,59,3,11,25,2020
2101,7,0.25,3.0,1,59,0,11,19,2020
2102,21,0.5,116.0,3,59,3,11,18,2020
2103,12,1.0,45.0,3,59,2,11,17,2020
2104,12,0.4,157.0,0,59,0,11,17,2020
2105,4,0.265282,67.0,4,59,3,11,17,2020
2106,27,0.265282,95.0,4,59,3,11,17,2020
2107,23,0.5,3.8,0,59,0,11,9,2020
2108,25,1.0,14.0,2,59,3,11,5,2020
2109,23,0.5,101.6,0,59,3,11,2,2020
2110,26,0.265282,42.0,13,59,0,11,1,2020
2111,12,0.265282,12.5,2,59,1,10,29,2020
2112,21,0.08,560.0,4,59,0,10,29,2020
2113,9,0.265282,67.0,3,59,3,10,25,2020
2114,5,0.265282,8.0,2,59,0,10,23,2020
2115,18,1.0,1800.0,12,59,3,10,21,2020
2116,9,0.265282,914.0,11,23,3,10,20,2020
2117,28,0.17,656.0,6,17,1,10,14,2020
2118,17,0.265282,28.0,14,22,4,10,10,2020
2119,13,0.265282,105.0,14,59,3,10,8,2020
2120,12,0.06,356.0,5,59,1,9,29,2020
2121,18,0.265282,3.5,3,59,3,9,29,2020
2122,27,0.265282,1.54,12,58,3,9,25,2020
2123,21,0.265282,19500.0,9,9,3,9,23,2020
2124,17,0.16,18.0,2,59,3,9,16,2020
2125,4,0.95,157.9,2,59,2,9,11,2020
2126,18,0.265282,40.5,14,58,0,9,11,2020
2127,21,1.0,13.4,2,59,3,9,11,2020
2128,27,0.054,67.0,14,59,0,9,9,2020
2129,27,0.1,132.0,3,59,3,9,8,2020
2130,5,0.265282,22.8,3,59,3,9,5,2020
2131,15,0.265282,157.0,13,59,3,9,2,2020
2132,23,1.0,30.0,2,57,3,9,2,2020
2133,18,0.265282,95.2,14,59,4,9,1,2020
2134,7,0.11,97.0,0,48,0,9,1,2020
2135,28,0.1,548.0,13,22,4,8,31,2020
2136,24,0.0185,65.4,13,59,4,8,26,2020
2137,22,0.265282,157.0,14,59,3,8,26,2020
2138,13,0.265282,36.0,13,1,0,8,24,2020
2139,18,0.265282,9.5,14,59,3,8,24,2020
2140,4,0.265282,76.2,4,59,3,8,20,2020
2141,12,0.8,15.5,1,58,0,8,19,2020
2142,28,0.265282,1.3,1,17,3,8,19,2020
2143,13,1.0,10.0,2,59,3,8,18,2020
2144,2,0.265282,105.0,0,9,3,8,17,2020
2145,23,0.265282,122.3,13,7,0,8,14,2020
2146,20,0.265282,350.2,7,59,3,8,14,2020
2147,27,0.265282,45.0,0,59,3,8,12,2020
2148,2,0.25,2.3,0,59,4,8,11,2020
2149,9,1.0,0.9755,1,48,0,8,8,2020
2150,23,0.38,186.4,5,59,2,8,7,2020
2151,27,0.265282,1.8,1,60,3,8,7,2020
2152,9,0.5,53.0,3,7,1,8,6,2020
2153,24,0.265282,20.0,0,59,1,8,5,2020
2154,28,0.25,157.0,14,34,4,7,30,2020
2155,23,1.0,42.4,14,59,1,7,30,2020
2156,7,0.265282,472.0,14,59,3,7,30,2020
2157,9,0.265282,13.0,0,59,3,7,29,2020
2158,1,0.09,649.0,0,59,2,7,28,2020
2159,9,0.05,1600.0,10,22,4,7,27,2020
2160,7,0.72,60.18,3,17,1,7,27,2020
2161,10,0.265282,29.7,0,58,3,7,27,2020
2162,10,0.12,309.0,5,59,1,7,23,2020
2163,23,1.0,27.0,3,23,3,7,23,2020
2164,22,0.06,154.0,14,59,4,7,21,2020
2165,7,0.49,15.0,3,59,0,7,20,2020
2166,8,0.265282,404.6,5,22,2,7,17,2020
2167,28,0.265282,22.4,2,7,3,7,16,2020
2168,17,0.15,251.2,5,59,1,7,15,2020
2169,28,0.2,197.2,14,58,4,7,14,2020
2170,18,0.265282,307.6,7,59,3,7,14,2020
2171,2,0.265282,56.0,13,59,1,7,13,2020
2172,15,0.265282,70.0,4,22,2,7,10,2020
2173,23,0.12,307.0,5,48,2,7,9,2020
2174,7,0.265282,25.6,14,22,0,7,9,2020
2175,7,0.265282,746.0,13,59,1,7,8,2020
2176,7,0.265282,1200.0,13,59,3,7,8,2020
2177,21,0.265282,117.0,4,59,1,7,1,2020
2178,17,0.265282,38.0,5,59,0,7,1,2020
2179,18,0.265282,19.0,4,59,0,7,1,2020
2180,2,0.265282,57.8,4,59,0,7,1,2020
2181,17,0.05,100.8,4,59,0,6,30,2020
2182,22,0.265282,132.0,5,59,3,6,30,2020
2183,1,0.07,1300.0,6,59,4,6,29,2020
2184,27,0.22,214.2,5,22,2,6,29,2020
2185,27,0.265282,3600.0,0,17,2,6,29,2020
2186,23,0.265282,101.6,0,59,1,6,29,2020
2187,13,0.265282,214.5,13,59,0,6,29,2020
2188,23,1.0,4.0,0,59,3,6,28,2020
2189,27,0.265282,1200.0,4,59,3,6,27,2020
2190,26,0.265282,228.0,7,59,3,6,25,2020
2191,17,0.06,157.0,13,59,4,6,24,2020
2192,2,0.12,455.2,13,59,2,6,24,2020
2193,28,0.265282,3200.0,7,59,3,6,24,2020
2194,27,0.09,4800.0,7,23,4,6,23,2020
2195,7,0.9,103.0,4,59,1,6,23,2020
2196,20,1.0,3.0,1,59,0,6,23,2020
2197,7,0.07,18.0,13,59,4,6,22,2020
2198,21,0.265282,19500.0,9,58,2,6,19,2020
2199,18,0.265282,32.0,3,59,0,6,18,2020
2200,7,0.25,582.0,12,22,0,6,17,2020
2201,7,0.5,496.0,8,22,4,6,16,2020
2202,27,0.05,9900.0,10,48,4,6,16,2020
2203,4,0.01,40.0,13,59,1,6,16,2020
2204,12,0.25,50.0,4,59,1,6,16,2020
2205,4,0.11,117.0,14,59,3,6,15,2020
2206,23,1.0,10.0,3,59,3,6,15,2020
2207,27,0.25,24700.0,13,34,2,6,12,2020
2208,7,0.48,50.0,3,59,1,6,12,2020
2209,13,0.1,157.0,0,6,2,6,11,2020
2210,23,0.27,2.0,1,59,0,6,11,2020
2211,18,0.18,157.0,0,59,0,6,10,2020
2212,26,0.265282,39.6,0,7,0,6,9,2020
2213,18,0.08,139.0,5,59,1,6,5,2020
2214,7,0.14,106.0,4,59,0,6,5,2020
2215,25,0.4,52.0,4,59,1,6,4,2020
2216,20,0.14,29.0,2,59,0,6,4,2020
2217,27,0.265282,75.0,4,59,3,6,4,2020
2218,7,0.08,324.0,7,58,2,6,3,2020
2219,0,0.265282,1.0,0,59,1,6,3,2020
2220,27,0.21,117.0,5,59,0,6,3,2020
2221,7,0.14,120.0,7,59,0,6,3,2020
2222,27,0.265282,55.0,14,17,2,6,2,2020
2223,27,0.02,3100.0,12,59,0,6,2,2020
2224,7,0.15,453.0,4,59,0,6,2,2020
2225,4,0.16,58.0,3,59,0,6,2,2020
2226,2,0.265282,10.0,14,59,0,6,2,2020
2227,23,0.18,79.0,13,59,4,6,1,2020
2228,28,0.1,548.0,13,22,4,6,1,2020
2229,21,0.22,24.0,4,59,0,6,1,2020
2230,7,0.15,732.0,4,59,1,5,29,2020
2231,21,0.6,17.0,2,59,0,5,29,2020
2232,2,0.18,224.0,0,22,4,5,28,2020
2233,27,0.3,340.0,13,59,2,5,28,2020
2234,2,0.265282,19.0,14,59,2,5,28,2020
2235,10,0.08,157.0,6,1,0,5,28,2020
2236,23,0.25,7.0,2,59,0,5,28,2020
2237,5,0.12,89.0,14,59,2,5,27,2020
2238,7,0.08,30.0,0,5,1,5,27,2020
2239,27,0.23,24700.0,13,22,4,5,26,2020
2240,5,1.0,108.0,14,59,2,5,26,2020
2241,7,0.265282,207.0,0,59,1,5,26,2020
2242,27,0.265282,247.0,5,22,2,5,25,2020
2243,19,0.265282,157.0,0,24,0,5,22,2020
2244,17,0.1,146.0,14,59,4,5,21,2020
2245,28,0.35,3.0,2,22,1,5,21,2020
2246,20,0.36,30.0,2,59,0,5,21,2020
2247,27,0.265282,100.0,14,16,3,5,21,2020
2248,27,0.35,3800.0,11,22,4,5,20,2020
2249,15,0.18,530.0,7,59,4,5,20,2020
2250,28,1.0,62.0,3,59,2,5,20,2020
2251,7,0.07,2500.0,12,59,2,5,20,2020
2252,17,0.25,222.0,5,22,2,5,20,2020
2253,26,0.06,240.0,5,59,0,5,20,2020
2254,23,0.15,157.0,5,22,4,5,19,2020
2255,28,0.31,88.0,3,58,1,5,19,2020
2256,20,1.0,157.0,0,58,0,5,19,2020
2257,7,0.265282,252.0,4,59,3,5,19,2020
2258,27,0.13,24700.0,13,59,4,5,18,2020
2259,28,0.25,157.0,14,48,4,5,18,2020
2260,9,0.14,1600.0,10,22,4,5,18,2020
2261,21,0.2,19500.0,9,22,2,5,18,2020
2262,13,0.265282,553.0,6,59,1,5,18,2020
2263,14,0.05,157.0,12,59,1,5,18,2020
2264,25,0.265282,92.0,14,25,3,5,18,2020
2265,13,0.1,63.0,4,59,3,5,18,2020
2266,21,0.265282,300.0,0,22,4,5,17,2020
2267,9,0.13,914.0,11,22,4,5,15,2020
2268,7,0.5,200.0,0,22,4,5,15,2020
2269,10,0.1,49.0,4,59,0,5,15,2020
2270,23,1.0,3.0,1,59,3,5,15,2020
2271,27,0.08,5300.0,14,59,2,5,14,2020
2272,18,0.4,157.0,14,59,1,5,14,2020
2273,17,0.1,116.0,14,59,1,5,14,2020
2274,27,0.15,73.0,3,59,0,5,14,2020
2275,7,0.265282,69.0,0,59,0,5,14,2020
2276,25,0.265282,106.0,5,59,3,5,14,2020
2277,17,0.265282,375.0,4,59,3,5,14,2020
2278,23,1.0,80.0,4,59,4,5,13,2020
2279,24,0.4,2.0,0,5,1,5,13,2020
2280,7,0.18,10.0,0,59,0,5,13,2020
2281,20,0.11,157.0,14,7,0,5,13,2020
2282,4,0.265282,46.0,4,59,0,5,13,2020
2283,25,0.265282,111.0,6,59,3,5,13,2020
2284,8,1.0,1.0,1,61,3,5,13,2020
2285,19,0.1,574.0,4,59,3,5,13,2020
2286,7,0.2,157.0,13,5,4,5,12,2020
2287,21,0.5,79.0,3,59,1,5,12,2020
2288,4,0.19,77.0,3,59,1,5,12,2020
2289,22,0.17,52.0,5,59,0,5,12,2020
2290,5,0.03,104.0,5,7,0,5,12,2020
2291,13,0.265282,100.0,14,59,3,5,12,2020
2292,7,0.265282,47.0,3,59,3,5,12,2020
2293,7,0.03,837.0,5,58,1,5,11,2020
2294,21,0.25,133.0,4,59,0,5,11,2020
2295,7,0.01,782.0,5,59,0,5,8,2020
2296,27,1.0,11.0,14,59,4,5,7,2020
2297,22,0.3,204.0,14,59,4,5,7,2020
2298,7,0.5,78.0,3,53,1,5,7,2020
2299,7,0.12,263.0,6,59,1,5,7,2020
2300,24,0.265282,145.0,5,59,1,5,7,2020
2301,7,0.23,92.0,4,59,0,5,7,2020
2302,28,1.0,157.0,0,23,3,5,7,2020
2303,27,0.14,24700.0,13,59,4,5,6,2020
2304,4,0.33,157.0,12,59,2,5,6,2020
2305,5,0.265282,15.0,14,59,2,5,6,2020
2306,17,0.08,60.0,13,59,1,5,6,2020
2307,4,0.1,283.0,5,59,1,5,6,2020
2308,7,0.7,170.0,3,36,3,5,6,2020
2309,4,0.265282,743.0,6,59,3,5,6,2020
2310,28,0.25,5400.0,12,59,4,5,5,2020
2311,2,0.3,1500.0,0,59,4,5,5,2020
2312,22,0.1,181.0,5,59,2,5,5,2020
2313,22,0.15,68.0,5,59,0,5,5,2020
2314,24,0.265282,90.0,4,14,0,5,5,2020
2315,22,0.1,84.0,4,59,0,5,5,2020
2316,13,0.265282,1000.0,13,59,3,5,5,2020
2317,22,0.265282,74.0,4,59,3,5,5,2020
2318,12,0.265282,76.0,0,7,3,5,5,2020
2319,8,0.16,404.0,5,22,4,5,4,2020
2320,27,0.31,771.0,14,57,4,5,4,2020
2321,7,0.2,175.0,3,20,4,5,4,2020
2322,25,0.21,7.0,2,14,1,5,4,2020
2323,19,0.15,257.0,3,7,1,5,4,2020
2324,10,0.3,106.0,3,1,1,5,4,2020
2325,24,0.08,11.0,2,7,0,5,4,2020
2326,12,0.13,184.0,13,59,3,5,4,2020
2327,28,0.265282,55.0,14,17,3,5,4,2020
2328,23,0.1,386.0,5,25,2,5,3,2020
2329,19,0.265282,46.0,13,59,1,5,3,2020
2330,28,0.265282,2400.0,7,58,2,5,1,2020
2331,10,0.4,217.0,6,59,2,5,1,2020
2332,18,0.32,102.0,3,58,1,5,1,2020
2333,2,0.8,82.0,2,59,1,5,1,2020
2334,12,0.265282,10.0,2,59,1,5,1,2020
2335,7,0.265282,80.0,0,42,0,5,1,2020
2336,18,0.2,28.0,4,59,0,5,1,2020
2337,27,1.0,24.0,14,59,3,5,1,2020
2338,28,0.265282,1.0,1,22,3,5,1,2020
2339,24,0.265282,32.0,14,59,2,4,30,2020
2340,2,0.265282,156.0,14,59,1,4,30,2020
2341,0,0.265282,75.0,0,59,3,4,30,2020
2342,4,0.265282,660.0,6,59,3,4,30,2020
2343,18,0.14,145.0,6,59,3,4,30,2020
2344,9,1.0,15.0,2,59,3,4,30,2020
2345,27,0.17,4900.0,13,59,4,4,29,2020
2346,21,0.265282,2250.0,9,59,4,4,29,2020
2347,28,0.08,229.0,14,59,2,4,29,2020
2348,9,0.265282,89.0,3,59,2,4,29,2020
2349,27,0.13,765.0,5,59,1,4,29,2020
2350,15,0.1,128.0,5,59,0,4,29,2020
2351,7,0.265282,23.0,3,49,3,4,29,2020
2352,28,0.25,3.0,13,59,4,4,28,2020
2353,7,0.5,157.0,0,36,4,4,28,2020
2354,9,0.15,1500.0,8,58,4,4,28,2020
2355,4,0.18,156.0,0,59,1,4,28,2020
2356,17,0.15,70.0,0,59,0,4,28,2020
2357,7,0.25,71.0,3,59,0,4,28,2020
2358,23,0.5,2.0,1,59,0,4,28,2020
2359,19,0.265282,436.0,6,59,3,4,28,2020
2360,7,0.25,37.0,3,59,3,4,28,2020
2361,19,0.1,840.0,3,59,4,4,27,2020
2362,21,0.2,24.0,2,59,0,4,27,2020
2363,22,0.7,4.0,1,59,3,4,27,2020
2364,28,0.265282,2400.0,7,5,4,4,25,2020
2365,9,1.0,157.0,2,23,4,4,25,2020
2366,19,0.2,17.0,3,59,0,4,25,2020
2367,27,0.36,88.0,3,59,1,4,24,2020
2368,26,0.23,60.0,3,7,0,4,24,2020
2369,17,0.3,7.0,2,59,0,4,24,2020
2370,7,0.22,15.0,3,59,0,4,24,2020
2371,28,0.25,30.0,3,17,0,4,24,2020
2372,12,0.33,29.0,3,59,0,4,24,2020
2373,2,0.21,12.0,0,59,0,4,24,2020
2374,5,1.0,2.0,2,5,0,4,24,2020
2375,18,0.265282,54.0,14,59,3,4,24,2020
2376,7,0.265282,122.0,6,58,3,4,24,2020
2377,23,0.12,160.0,4,59,2,4,23,2020
2378,10,0.15,583.0,4,59,1,4,23,2020
2379,4,0.09,274.0,7,59,1,4,23,2020
2380,12,0.05,1300.0,0,59,1,4,23,2020
2381,17,0.265282,68.0,4,59,0,4,23,2020
2382,15,0.01,665.0,5,59,3,4,23,2020
2383,23,0.265282,78.0,14,59,3,4,23,2020
2384,17,0.265282,50.0,3,59,3,4,23,2020
2385,2,0.5,2600.0,6,59,4,4,22,2020
2386,10,0.35,24.0,3,59,1,4,22,2020
2387,27,0.14,52.0,2,59,0,4,22,2020
2388,28,0.7,157.0,0,23,3,4,22,2020
2389,4,0.265282,17.0,2,59,3,4,22,2020
2390,25,0.265282,61.0,4,59,3,4,22,2020
2391,1,0.1,15.0,13,1,3,4,22,2020
2392,9,0.265282,1600.0,10,22,4,4,21,2020
2393,7,0.265282,2200.0,0,22,4,4,21,2020
2394,7,0.3,392.0,13,59,4,4,21,2020
2395,2,0.1,613.0,6,59,2,4,21,2020
2396,23,0.21,339.0,13,59,1,4,21,2020
2397,12,0.13,42.0,3,59,0,4,21,2020
2398,7,0.09,75.0,3,7,0,4,21,2020
2399,18,0.13,165.0,5,59,0,4,21,2020
2400,5,0.265282,48.0,3,59,0,4,21,2020
2401,18,0.265282,157.0,0,59,0,4,21,2020
2402,15,0.1,84.0,5,25,0,4,21,2020
2403,28,0.15,521.0,5,20,4,4,20,2020
2404,3,0.14,10.0,0,59,1,4,20,2020
2405,17,0.25,58.0,5,59,1,4,20,2020
2406,7,0.3,38.0,3,32,1,4,20,2020
2407,26,0.25,1.0,1,5,0,4,20,2020
2408,27,0.265282,71.0,4,59,0,4,20,2020
2409,12,0.09,50.0,4,59,0,4,20,2020
2410,12,0.03,100.0,4,59,0,4,20,2020
2411,28,0.6,40.5,3,59,3,4,20,2020
2412,7,1.0,126.0,6,59,3,4,18,2020
2413,15,0.265282,293.0,5,22,2,4,17,2020
2414,5,0.35,37.0,5,5,2,4,17,2020
2415,22,0.28,110.0,5,59,2,4,17,2020
2416,21,0.08,335.0,5,5,1,4,17,2020
2417,21,0.1,263.0,4,5,1,4,17,2020
2418,23,0.05,307.0,5,48,1,4,17,2020
2419,5,0.265282,34.0,3,12,0,4,17,2020
2420,9,0.1,478.0,10,59,0,4,17,2020
2421,17,0.18,100.0,4,59,0,4,17,2020
2422,25,0.37,1.0,0,59,0,4,17,2020
2423,3,0.12,69.0,3,59,3,4,17,2020
2424,19,0.38,18.0,2,59,3,4,17,2020
2425,9,0.265282,96.0,14,59,3,4,17,2020
2426,17,0.265282,59.0,0,7,3,4,17,2020
2427,27,0.13,1.0,13,59,2,4,16,2020
2428,7,0.18,42.0,3,48,1,4,16,2020
2429,17,0.2,76.0,4,22,1,4,16,2020
2430,17,0.265282,11.0,2,7,3,4,16,2020
2431,17,0.265282,59.0,4,59,3,4,16,2020
2432,23,0.265282,16.0,2,59,3,4,16,2020
2433,17,0.265282,157.0,0,59,3,4,16,2020
2434,3,1.0,1.0,1,59,3,4,16,2020
2435,21,0.265282,2.0,2,59,3,4,16,2020
2436,21,0.35,1500.0,6,59,4,4,15,2020
2437,2,0.2,288.0,13,59,2,4,15,2020
2438,23,0.4,19.0,4,22,2,4,15,2020
2439,9,0.67,423.0,0,59,2,4,15,2020
2440,7,0.16,447.0,6,59,2,4,15,2020
2441,7,0.265282,160.0,5,23,2,4,15,2020
2442,10,0.25,72.0,4,59,0,4,15,2020
2443,27,0.2,40.0,2,59,0,4,15,2020
2444,23,0.265282,51.0,3,7,0,4,15,2020
2445,23,0.265282,34.0,4,59,0,4,15,2020
2446,19,0.2,100.0,14,59,3,4,15,2020
2447,2,0.3,7.0,2,23,3,4,15,2020
2448,6,0.265282,1800.0,9,59,3,4,15,2020
2449,23,0.1,358.0,13,59,2,4,14,2020
2450,9,0.23,224.0,6,7,2,4,14,2020
2451,10,0.3,59.0,3,59,1,4,14,2020
2452,2,0.35,90.0,3,59,1,4,14,2020
2453,2,0.265282,132.0,5,59,0,4,14,2020
2454,4,0.265282,190.0,6,59,0,4,14,2020
2455,10,0.265282,5.0,0,5,0,4,14,2020
2456,7,0.265282,584.0,0,59,3,4,14,2020
2457,28,0.265282,134.0,4,48,3,4,14,2020
2458,23,0.44,1400.0,13,59,4,4,13,2020
2459,27,0.1,955.0,3,59,2,4,13,2020
2460,7,0.1,120.0,3,5,1,4,13,2020
2461,15,0.25,12.0,2,59,1,4,13,2020
2462,7,0.08,119.0,3,7,0,4,13,2020
2463,18,0.265282,185.0,0,59,2,4,10,2020
2464,28,0.16,3.0,0,59,0,4,10,2020
2465,7,0.265282,14.0,3,5,0,4,10,2020
2466,22,0.265282,29.0,4,59,0,4,10,2020
2467,4,0.29,85.0,0,59,0,4,10,2020
2468,1,0.27,35.0,3,59,0,4,10,2020
2469,13,1.0,1.0,0,59,0,4,10,2020
2470,18,0.31,157.0,0,59,0,4,10,2020
2471,7,0.265282,119.0,4,59,3,4,10,2020
2472,2,0.17,56.0,13,59,4,4,9,2020
2473,7,0.265282,324.0,7,59,2,4,9,2020
2474,14,0.1,410.0,3,59,2,4,9,2020
2475,7,0.31,26.0,3,5,2,4,9,2020
2476,4,0.1,689.0,13,59,1,4,9,2020
2477,4,0.34,114.0,5,59,1,4,9,2020
2478,26,0.32,59.0,3,59,0,4,9,2020
2479,23,0.15,28.0,3,7,0,4,9,2020
2480,4,0.05,137.5,3,59,0,4,9,2020
2481,5,0.07,157.0,0,7,0,4,9,2020
2482,17,0.04,32.0,0,58,0,4,9,2020
2483,3,0.265282,18.0,0,59,3,4,9,2020
2484,3,0.3,40.0,3,58,3,4,9,2020
2485,7,0.265282,217.0,0,59,3,4,9,2020
2486,2,0.45,332.0,13,59,4,4,8,2020
2487,23,0.28,215.0,5,22,2,4,8,2020
2488,27,0.33,95.0,4,59,1,4,8,2020
2489,7,0.45,40.0,3,59,1,4,8,2020
2490,22,0.4,72.0,4,59,1,4,8,2020
2491,26,0.35,91.0,4,42,1,4,8,2020
2492,17,0.35,64.0,4,59,1,4,8,2020
2493,21,0.4,40.0,3,59,0,4,8,2020
2494,17,0.05,65.0,4,59,0,4,8,2020
2495,17,0.25,157.0,0,59,0,4,8,2020
2496,17,0.1,106.0,4,59,0,4,8,2020
2497,22,0.16,23.0,0,5,0,4,8,2020
2498,20,0.1,157.0,0,7,0,4,8,2020
2499,2,0.1,16.0,3,5,0,4,8,2020
2500,9,0.12,26.0,2,59,0,4,8,2020
2501,7,0.06,314.0,5,5,3,4,8,2020
2502,17,0.265282,58.0,4,59,3,4,8,2020
2503,28,0.1,134.0,4,48,3,4,8,2020
2504,7,0.265282,35.0,2,59,3,4,8,2020
2505,7,0.265282,1.0,0,36,3,4,8,2020
2506,23,0.2,140.0,5,59,3,4,8,2020
2507,9,0.5,902.0,7,59,4,4,7,2020
2508,9,0.44,319.0,5,59,4,4,7,2020
2509,12,0.53,438.0,13,59,4,4,7,2020
2510,21,0.07,319.0,13,59,2,4,7,2020
2511,17,0.2,367.0,6,59,2,4,7,2020
2512,7,0.265282,157.0,0,59,1,4,7,2020
2513,23,0.15,85.0,5,59,1,4,7,2020
2514,12,0.265282,175.0,4,59,1,4,7,2020
2515,23,0.1,181.0,5,59,1,4,7,2020
2516,17,0.08,607.0,12,59,1,4,7,2020
2517,18,0.07,190.0,0,59,1,4,7,2020
2518,10,0.265282,157.0,0,59,1,4,7,2020
2519,7,0.265282,99.0,4,59,0,4,7,2020
2520,26,0.265282,15.0,2,59,3,4,7,2020
2521,17,0.265282,41.0,12,59,3,4,7,2020
2522,7,0.33,293.0,6,59,2,4,6,2020
2523,17,0.2,0.7,2,5,2,4,6,2020
2524,17,0.2,75.0,3,59,1,4,6,2020
2525,7,0.06,157.0,0,5,1,4,6,2020
2526,17,0.1,28.0,14,59,0,4,6,2020
2527,26,0.14,92.0,4,59,0,4,6,2020
2528,27,0.32,21.0,3,7,0,4,6,2020
2529,7,0.2,72.0,3,7,0,4,6,2020
2530,10,0.1,50.0,12,59,0,4,6,2020
2531,3,0.265282,25.0,13,7,3,4,6,2020
2532,28,0.265282,183.0,5,59,3,4,6,2020
2533,4,0.265282,227.0,4,59,3,4,6,2020
2534,0,0.25,100.0,0,59,0,4,5,2020
2535,2,0.12,348.0,0,31,1,4,4,2020
2536,8,0.33,300.0,5,5,4,4,3,2020
2537,17,0.5,162.0,5,59,4,4,3,2020
2538,28,0.42,157.0,0,5,2,4,3,2020
2539,23,0.37,297.0,6,59,2,4,3,2020
2540,27,0.265282,225.0,0,59,2,4,3,2020
2541,27,0.265282,955.0,3,59,2,4,3,2020
2542,28,0.1,157.0,0,23,2,4,3,2020
2543,15,0.07,35.0,3,59,1,4,3,2020
2544,23,0.13,97.0,5,59,1,4,3,2020
2545,7,0.4,40.0,3,59,0,4,3,2020
2546,13,0.13,247.0,5,59,0,4,3,2020
2547,18,0.08,80.0,6,59,0,4,3,2020
2548,12,0.25,24.0,2,7,0,4,3,2020
2549,12,0.265282,14.0,2,59,0,4,3,2020
2550,18,0.05,157.0,0,59,0,4,3,2020
2551,23,0.265282,4.0,2,59,0,4,3,2020
2552,28,0.25,157.0,0,59,0,4,3,2020
2553,18,0.2,157.0,0,59,0,4,3,2020
2554,4,0.265282,16.0,2,59,3,4,3,2020
2555,10,0.265282,64.0,3,59,3,4,3,2020
2556,28,0.265282,41.0,3,11,3,4,3,2020
2557,10,0.265282,7.0,2,59,3,4,3,2020
2558,22,0.265282,28.0,3,59,3,4,3,2020
2559,21,0.5,117.0,4,59,3,4,3,2020
2560,8,0.35,114.0,13,59,4,4,2,2020
2561,1,0.03,1200.0,5,59,2,4,2,2020
2562,9,0.54,112.0,4,7,2,4,2,2020
2563,8,0.22,549.0,6,59,2,4,2,2020
2564,8,0.25,109.0,5,17,2,4,2,2020
2565,27,0.265282,167.0,3,52,2,4,2,2020
2566,21,0.2,222.0,5,59,1,4,2,2020
2567,23,0.17,253.0,5,59,1,4,2,2020
2568,23,0.3,68.0,3,59,1,4,2,2020
2569,25,0.265282,152.0,3,59,1,4,2,2020
2570,10,0.25,65.0,14,59,1,4,2,2020
2571,27,0.265282,122.0,4,22,0,4,2,2020
2572,22,0.2,118.0,12,59,0,4,2,2020
2573,17,0.265282,102.0,4,59,0,4,2,2020
2574,10,0.19,114.0,6,59,0,4,2,2020
2575,18,0.265282,50.0,5,59,0,4,2,2020
2576,13,0.15,151.0,0,59,0,4,2,2020
2577,10,0.265282,40.0,3,59,0,4,2,2020
2578,17,0.07,16.0,3,59,0,4,2,2020
2579,5,0.07,2.0,0,59,0,4,2,2020
2580,7,0.06,8.0,0,22,0,4,2,2020
2581,9,0.07,6.0,2,59,0,4,2,2020
2582,21,0.5,157.0,0,59,3,4,2,2020
2583,23,0.265282,102.0,12,22,3,4,2,2020
2584,23,0.265282,70.0,4,59,3,4,2,2020
2585,23,1.0,157.0,0,57,3,4,2,2020
2586,19,0.265282,157.0,0,59,3,4,2,2020
2587,2,0.265282,48.0,3,59,2,4,1,2020
2588,28,0.33,157.0,0,33,2,4,1,2020
2589,12,0.2,75.0,3,59,2,4,1,2020
2590,17,0.12,159.0,5,59,1,4,1,2020
2591,18,0.25,8.5,2,17,1,4,1,2020
2592,7,0.2,190.0,4,59,1,4,1,2020
2593,22,0.13,52.0,4,59,1,4,1,2020
2594,7,0.09,143.0,0,22,1,4,1,2020
2595,27,0.37,157.0,0,59,0,4,1,2020
2596,25,0.09,100.0,4,25,0,4,1,2020
2597,17,0.2,16.0,2,59,0,4,1,2020
2598,28,0.265282,11.0,2,59,0,4,1,2020
2599,7,0.2,50.0,3,7,0,4,1,2020
2600,17,0.25,46.0,4,59,0,4,1,2020
2601,12,0.4,15.0,2,59,0,4,1,2020
2602,7,0.265282,157.0,0,59,3,4,1,2020
2603,23,0.265282,197.0,5,59,3,4,1,2020
2604,23,0.5,62.0,4,59,3,4,1,2020
2605,1,0.265282,46.0,4,59,3,4,1,2020
2606,17,0.6,81.0,4,59,3,4,1,2020
2607,28,0.5,33.0,3,59,3,4,1,2020
2608,15,0.18,227.0,5,59,4,3,31,2020
2609,17,0.3,89.0,4,59,2,3,31,2020
2610,2,0.41,310.0,8,59,2,3,31,2020
2611,27,0.3,467.0,6,59,2,3,31,2020
2612,15,0.37,69.0,5,59,1,3,31,2020
2613,21,0.25,157.0,14,59,1,3,31,2020
2614,17,0.265282,55.0,0,59,0,3,31,2020
2615,22,0.265282,26.0,3,59,0,3,31,2020
2616,8,0.04,91.0,4,59,0,3,31,2020
2617,17,0.14,26.0,3,59,0,3,31,2020
2618,28,0.265282,67.0,4,59,3,3,31,2020
2619,17,0.265282,4.0,1,59,3,3,31,2020
2620,28,0.3,116.0,3,59,3,3,31,2020
2621,10,0.35,8.0,2,59,3,3,31,2020
2622,7,0.265282,157.0,0,59,3,3,31,2020
2623,13,0.265282,130.0,6,59,3,3,31,2020
2624,2,0.3,423.0,7,59,4,3,30,2020
2625,6,0.25,423.0,5,59,2,3,30,2020
2626,28,0.2,48.0,3,22,1,3,30,2020
2627,10,0.3,45.0,2,25,1,3,30,2020
2628,7,0.3,110.0,4,59,1,3,30,2020
2629,18,0.09,77.0,13,59,0,3,30,2020
2630,15,0.1,157.0,0,59,0,3,30,2020
2631,19,0.265282,110.0,6,59,0,3,30,2020
2632,27,0.265282,82.0,2,14,0,3,30,2020
2633,21,0.75,18.0,2,59,0,3,30,2020
2634,23,0.265282,75.0,2,59,0,3,30,2020
2635,9,0.5,15.0,1,59,0,3,30,2020
2636,23,0.265282,31.0,4,59,3,3,30,2020
2637,22,0.39,219.0,3,59,4,3,29,2020
2638,17,1.0,25.0,3,59,0,3,29,2020
2639,2,0.265282,13.0,2,59,0,3,29,2020
2640,28,0.5,47.0,5,22,4,3,28,2020
2641,21,0.265282,2250.0,9,59,4,3,28,2020
2642,23,0.265282,541.0,7,59,3,3,28,2020
2643,0,0.85,3000.0,0,58,4,3,27,2020
2644,27,0.3,623.0,5,59,4,3,27,2020
2645,2,1.0,95.0,0,48,4,3,27,2020
2646,23,0.265282,18.0,0,59,2,3,27,2020
2647,4,0.265282,430.0,6,59,2,3,27,2020
2648,9,0.265282,127.0,4,59,2,3,27,2020
2649,21,0.25,77.0,3,59,2,3,27,2020
2650,21,0.3,560.0,4,59,2,3,27,2020
2651,27,0.25,403.0,5,59,2,3,27,2020
2652,27,0.2,107.0,14,59,2,3,27,2020
2653,7,0.3,201.0,13,7,1,3,27,2020
2654,14,0.265282,133.0,6,59,1,3,27,2020
2655,1,0.265282,12.0,2,59,1,3,27,2020
2656,7,0.1,49.0,3,7,1,3,27,2020
2657,21,0.265282,263.0,4,5,1,3,27,2020
2658,9,0.265282,20.0,1,59,0,3,27,2020
2659,9,0.2,60.0,4,59,0,3,27,2020
2660,22,0.2,41.0,0,59,0,3,27,2020
2661,17,0.265282,25.0,3,59,0,3,27,2020
2662,23,0.265282,68.0,3,59,0,3,27,2020
2663,7,0.265282,157.0,2,5,3,3,27,2020
2664,5,0.265282,157.0,0,59,3,3,27,2020
2665,13,0.265282,273.0,9,59,3,3,27,2020
2666,23,0.5,88.0,4,59,4,3,26,2020
2667,28,0.265282,157.0,0,22,2,3,26,2020
2668,13,0.1,149.0,7,59,1,3,26,2020
2669,6,0.1,149.0,4,7,1,3,26,2020
2670,27,0.265282,123.0,5,59,1,3,26,2020
2671,21,0.75,34.0,3,59,1,3,26,2020
2672,23,0.2,47.0,3,59,0,3,26,2020
2673,19,1.0,5.0,1,59,0,3,26,2020
2674,17,0.4,35.0,3,59,3,3,26,2020
2675,28,0.25,981.0,5,59,4,3,25,2020
2676,21,0.265282,179.1,3,59,2,3,25,2020
2677,20,0.3,157.0,0,7,1,3,25,2020
2678,18,0.15,157.0,0,59,1,3,25,2020
2679,28,0.23,26.0,3,59,1,3,25,2020
2680,17,0.28,48.0,4,59,1,3,25,2020
2681,5,0.75,24.0,2,59,1,3,25,2020
2682,18,0.23,35.0,3,59,0,3,25,2020
2683,20,0.05,233.0,0,59,0,3,25,2020
2684,4,0.265282,22.0,2,59,0,3,25,2020
2685,21,0.265282,5.0,2,59,3,3,25,2020
2686,2,0.3,296.0,5,59,3,3,25,2020
2687,21,0.08,180.0,3,59,3,3,25,2020
2688,23,0.265282,8.0,2,59,3,3,25,2020
2689,28,0.33,359.0,5,59,4,3,24,2020
2690,2,0.265282,157.0,0,59,2,3,24,2020
2691,9,0.67,20.0,3,59,1,3,24,2020
2692,21,0.3,79.0,3,59,1,3,24,2020
2693,28,0.265282,35.0,3,59,0,3,24,2020
2694,23,0.25,157.0,0,7,3,3,24,2020
2695,10,0.4,47.0,0,59,3,3,24,2020
2696,27,0.265282,117.0,5,59,3,3,24,2020
2697,21,0.15,1600.0,8,59,4,3,23,2020
2698,21,0.18,280.0,5,59,2,3,23,2020
2699,23,0.5,2.0,14,59,1,3,23,2020
2700,28,0.22,36.0,3,59,0,3,23,2020
2701,17,0.265282,0.0,14,59,0,3,23,2020
2702,4,0.4,7.0,0,59,0,3,23,2020
2703,22,0.17,48.0,3,59,0,3,23,2020
2704,7,0.25,94.0,4,59,0,3,23,2020
2705,28,0.2,3.0,1,59,3,3,23,2020
2706,23,0.2,70.0,4,59,3,3,23,2020
2707,8,0.265282,164.0,3,59,3,3,23,2020
2708,8,0.98,120.0,14,59,4,3,20,2020
2709,28,0.265282,39.0,3,59,1,3,20,2020
2710,13,0.5,7.0,1,7,0,3,20,2020
2711,18,0.265282,16.0,2,59,0,3,20,2020
2712,28,1.0,5.0,1,59,3,3,20,2020
2713,28,0.265282,526.0,4,59,3,3,20,2020
2714,27,0.265282,214.0,5,22,2,3,19,2020
2715,22,1.0,157.0,0,59,1,3,19,2020
2716,28,0.5,17.0,3,59,1,3,19,2020
2717,28,0.265282,81.0,4,59,0,3,19,2020
2718,25,0.265282,74.0,2,25,3,3,19,2020
2719,8,1.0,13.0,0,59,3,3,19,2020
2720,23,0.265282,0.0,14,59,3,3,19,2020
2721,17,0.2,4.0,1,59,0,3,18,2020
2722,28,0.22,79.0,4,59,2,3,16,2020
2723,26,1.0,6.0,1,59,0,3,16,2020
2724,28,1.0,5.1,1,59,3,3,16,2020
2725,27,0.1,45.0,0,59,0,3,13,2020
2726,2,0.75,1.0,1,59,0,3,13,2020
2727,23,0.4,90.0,4,59,0,3,12,2020
2728,15,0.265282,12.0,2,59,1,3,11,2020
