industry,percentage,funds_raised,stage,country,month,day,year,laid_off_count
2,1.0,197.0,4,59,6,23,2023,2
19,0.09,141.0,4,59,6,22,2023,2
19,0.265282,300.0,14,59,6,21,2023,2
27,0.265282,25200.0,13,59,6,21,2023,1
13,0.265282,148.0,4,59,6,21,2023,1
9,0.4,134.0,4,7,6,21,2023,0
12,0.265282,306.0,12,59,6,21,2023,2
27,0.11,16500.0,13,48,6,20,2023,2
17,0.265282,157.0,14,34,6,20,2023,2
9,1.0,13.0,0,58,6,20,2023,2
18,0.2,88.0,0,22,6,19,2023,0
10,1.0,2.0,1,59,6,19,2023,2
12,1.0,80.0,4,59,6,18,2023,1
12,0.8,24.0,2,22,6,17,2023,1
27,0.265282,3300.0,13,59,6,16,2023,2
27,1.0,4.0,1,58,6,16,2023,2
23,0.265282,194.0,14,59,6,16,2023,2
12,0.33,51.0,2,59,6,15,2023,1
27,0.6,157.0,15,50,6,15,2023,0
3,0.265282,157.0,15,59,6,15,2023,2
12,0.265282,157.0,14,59,6,15,2023,2
5,0.9,17.0,2,22,6,15,2023,2
3,1.0,84.0,3,59,6,14,2023,2
2,0.07,455.2,13,59,6,14,2023,1
27,0.24,340.0,13,59,6,14,2023,1
9,0.11,184.0,13,59,6,14,2023,1
23,0.265282,111.0,0,22,6,14,2023,1
7,0.18,50.0,3,59,6,14,2023,2
25,0.265282,119.0,4,59,6,13,2023,0
9,0.15,284.0,14,59,6,12,2023,2
20,0.12,469.0,7,59,6,12,2023,1
5,0.04,227.0,13,59,6,12,2023,1
18,1.0,4.0,1,59,6,12,2023,2
7,0.15,529.0,8,58,6,12,2023,2
3,0.4,253.0,0,59,6,11,2023,1
2,1.0,157.0,0,48,6,11,2023,2
5,0.35,40.0,3,5,6,9,2023,1
12,0.09,1100.0,13,59,6,9,2023,1
25,0.1,288.0,6,59,6,9,2023,0
7,0.265282,229.0,4,59,6,8,2023,1
12,0.12,891.0,5,59,6,8,2023,1
24,0.15,644.0,7,59,6,8,2023,1
4,0.265282,805.0,6,59,6,8,2023,2
26,0.265282,484.0,13,59,6,8,2023,2
25,1.0,7.0,1,59,6,8,2023,2
5,0.265282,5500.0,12,22,6,7,2023,2
7,0.265282,4100.0,13,5,6,7,2023,2
4,0.265282,340.0,14,59,6,7,2023,1
12,0.265282,324.0,14,59,6,7,2023,0
21,0.265282,905.0,0,59,6,7,2023,2
13,0.08,349.0,13,59,6,7,2023,2
0,0.265282,233.0,5,59,6,7,2023,2
16,0.265282,157.0,13,59,6,6,2023,1
13,0.12,462.0,13,59,6,6,2023,1
2,0.05,1300.0,7,59,6,6,2023,1
2,0.27,165.0,0,1,6,6,2023,0
25,0.09,364.0,5,59,6,6,2023,0
19,0.265282,1300.0,13,59,6,6,2023,0
3,0.265282,23.0,1,28,6,6,2023,0
12,1.0,157.0,0,59,6,6,2023,2
18,0.02,2100.0,13,52,6,5,2023,1
7,0.265282,19.0,2,59,6,5,2023,0
21,0.265282,310.0,4,59,6,5,2023,2
9,0.05,274.0,4,59,6,3,2023,2
24,0.03,7.0,13,59,6,2,2023,1
19,0.265282,307.0,6,17,6,2,2023,1
9,1.0,423.0,0,59,6,2,2023,2
7,0.7,157.0,15,59,6,1,2023,2
20,0.265282,192.0,4,59,6,1,2023,1
12,0.265282,9.0,3,22,6,1,2023,1
17,0.1,394.0,13,59,6,1,2023,1
15,0.265282,141.0,3,59,6,1,2023,2
10,0.1,332.0,4,17,6,1,2023,2
19,0.265282,157.0,0,59,6,1,2023,2
25,0.05,696.0,13,59,6,1,2023,2
7,0.19,161.0,5,59,6,1,2023,0
26,0.08,85.0,14,59,5,31,2023,2
22,0.2,769.0,13,59,5,31,2023,2
19,0.25,216.0,3,59,5,31,2023,1
21,0.265282,214.0,0,17,5,31,2023,0
13,0.3,173.0,5,59,5,31,2023,0
7,0.2,330.0,5,17,5,30,2023,1
23,0.265282,254.0,0,22,5,30,2023,0
7,0.265282,219.0,14,59,5,30,2023,2
3,0.265282,88.0,3,48,5,30,2023,2
13,0.265282,109.0,0,59,5,30,2023,2
15,0.1,817.0,0,59,5,26,2023,1
22,0.1,157.0,13,59,5,26,2023,0
12,0.265282,292.0,12,58,5,25,2023,1
17,0.3,50.0,3,22,5,25,2023,1
9,0.265282,12.0,1,17,5,25,2023,0
2,0.12,244.0,14,59,5,25,2023,2
5,0.12,643.0,7,59,5,24,2023,1
17,0.11,157.0,14,59,5,24,2023,1
9,0.16,1000.0,3,17,5,24,2023,1
11,0.07,900.0,13,25,5,24,2023,0
4,0.07,157.0,15,9,5,24,2023,2
5,0.3,148.0,5,41,5,24,2023,2
9,0.265282,157.0,15,22,5,23,2023,2
11,0.265282,157.0,13,25,5,23,2023,0
2,0.08,542.0,0,17,5,23,2023,2
7,0.265282,119.0,5,59,5,23,2023,2
21,0.265282,30.0,13,59,5,22,2023,0
12,1.0,157.0,0,59,5,22,2023,2
16,0.265282,30.0,3,59,5,22,2023,2
12,0.265282,157.0,14,59,5,20,2023,2
7,0.265282,150.0,3,17,5,19,2023,0
7,0.14,621.0,5,59,5,18,2023,0
24,0.265282,17.0,2,59,5,18,2023,2
4,0.15,414.0,5,59,5,18,2023,2
19,1.0,15.0,1,25,5,18,2023,2
9,0.265282,150.0,4,59,5,18,2023,2
27,0.3,648.0,13,59,5,18,2023,2
7,0.1,480.0,0,59,5,17,2023,0
19,0.4,425.0,12,59,5,17,2023,2
12,0.11,157.0,14,59,5,16,2023,2
7,0.26,700.0,6,58,5,16,2023,2
7,0.03,481.0,13,59,5,16,2023,0
15,0.265282,7.0,0,59,5,16,2023,2
7,0.85,20.0,2,5,5,16,2023,2
9,1.0,30.0,0,59,5,13,2023,2
27,0.3,2100.0,5,59,5,12,2023,2
27,0.265282,30.0,13,43,5,12,2023,1
7,0.35,21.0,14,22,5,12,2023,1
23,0.33,157.0,0,59,5,12,2023,0
12,0.265282,87.0,4,22,5,12,2023,0
14,0.1,298.0,5,59,5,12,2023,2
3,1.0,43.0,2,59,5,12,2023,2
9,0.11,31.0,14,8,5,11,2023,0
7,0.265282,992.0,6,59,5,11,2023,1
14,0.08,233.0,13,59,5,11,2023,2
19,0.265282,1.0,13,59,5,10,2023,1
23,0.23,55.0,13,1,5,10,2023,0
19,0.06,235.0,13,59,5,10,2023,0
22,0.1,153.0,14,59,5,10,2023,0
25,0.03,35.0,13,59,5,9,2023,2
25,0.14,154.0,14,59,5,9,2023,1
19,0.06,91.0,13,25,5,9,2023,1
18,0.265282,32.0,0,59,5,9,2023,2
7,0.15,530.0,13,59,5,9,2023,2
22,0.04,154.0,14,59,5,8,2023,2
5,0.265282,121.0,0,22,5,8,2023,1
12,0.6,157.0,5,25,5,8,2023,0
7,0.265282,11.0,1,59,5,8,2023,0
3,1.0,27.0,0,1,5,8,2023,2
12,0.25,503.0,13,59,5,5,2023,2
23,0.15,1100.0,7,22,5,5,2023,2
5,0.265282,118.0,3,22,5,5,2023,0
7,0.33,45.0,3,59,5,5,2023,2
23,0.2,122.0,13,7,5,4,2023,2
28,0.15,1700.0,13,59,5,4,2023,2
17,1.0,157.0,0,59,5,4,2023,1
3,0.33,205.0,3,59,5,4,2023,0
7,0.1,100.0,0,25,5,4,2023,0
23,0.28,34.0,2,25,5,4,2023,0
4,0.14,70.0,4,58,5,4,2023,2
19,0.08,1300.0,13,59,5,3,2023,2
19,0.15,168.0,13,59,5,3,2023,1
27,0.265282,1300.0,8,23,5,3,2023,1
12,0.33,185.0,5,59,5,3,2023,0
19,0.265282,974.0,14,59,5,3,2023,0
18,0.13,28.0,4,59,5,3,2023,0
17,0.1,145.0,13,59,5,3,2023,2
12,0.2,212.0,4,59,5,3,2023,2
25,0.13,146.0,3,59,5,2,2023,0
27,0.08,105.0,3,1,5,2,2023,0
4,1.0,157.0,1,16,5,2,2023,2
21,0.265282,114.0,3,59,5,1,2023,0
12,0.265282,1600.0,0,22,5,1,2023,2
4,0.265282,157.0,0,22,4,29,2023,1
12,0.3,899.0,13,59,4,28,2023,0
7,0.04,1700.0,6,59,4,28,2023,0
12,0.265282,94.0,3,59,4,28,2023,0
2,1.0,15.0,2,59,4,28,2023,2
9,1.0,157.0,0,1,4,28,2023,2
19,0.16,1700.0,13,59,4,27,2023,2
4,0.11,613.0,13,59,4,27,2023,2
27,0.11,1300.0,13,59,4,27,2023,1
22,0.12,110.0,12,59,4,27,2023,1
4,0.265282,150.0,3,59,4,27,2023,1
10,0.265282,30.0,14,59,4,27,2023,1
13,0.16,98.0,13,1,4,27,2023,0
23,0.2,26.0,4,1,4,27,2023,0
19,0.14,140.0,3,59,4,27,2023,0
7,0.29,5.0,1,22,4,27,2023,0
2,0.5,110.0,4,59,4,27,2023,2
9,0.25,9.0,3,48,4,27,2023,2
5,0.265282,157.0,0,22,4,26,2023,2
7,0.33,79.0,3,59,4,26,2023,0
1,1.0,163.0,3,7,4,26,2023,2
5,0.265282,17.0,2,22,4,25,2023,2
7,0.5,272.0,5,59,4,25,2023,1
9,0.4,1000.0,3,17,4,24,2023,2
19,0.04,157.0,14,59,4,24,2023,2
13,0.13,337.0,6,59,4,24,2023,0
27,0.26,4900.0,13,59,4,21,2023,2
19,0.09,411.0,7,59,4,21,2023,0
5,0.265282,192.0,14,59,4,21,2023,2
18,0.15,696.0,13,59,4,20,2023,1
2,0.3,50.0,3,22,4,20,2023,1
7,0.265282,190.0,5,22,4,20,2023,0
10,0.12,192.0,5,59,4,20,2023,0
18,0.1,157.0,0,59,4,20,2023,2
11,0.265282,850.0,13,59,4,20,2023,2
25,0.09,157.0,13,59,4,19,2023,2
19,0.1,307.0,13,59,4,19,2023,1
21,0.22,1900.0,13,59,4,18,2023,2
23,0.1,157.0,0,45,4,18,2023,2
10,0.09,257.0,7,1,4,18,2023,1
3,0.09,149.0,3,59,4,18,2023,0
9,1.0,3.0,1,1,4,18,2023,2
2,0.25,157.0,1,41,4,17,2023,1
7,0.15,304.0,5,59,4,17,2023,1
5,0.03,389.0,5,7,4,17,2023,1
9,0.25,579.0,5,16,4,17,2023,0
7,0.265282,42.0,2,22,4,17,2023,2
18,0.265282,94.0,4,40,4,17,2023,2
25,1.0,157.0,0,25,4,16,2023,2
7,0.2,85.0,4,59,4,14,2023,1
3,0.17,18.0,2,59,4,14,2023,0
12,0.18,127.0,3,59,4,14,2023,2
9,0.265282,139.0,4,23,4,14,2023,2
25,0.265282,849.0,7,59,4,13,2023,1
4,0.4,282.0,4,59,4,13,2023,1
18,1.0,157.0,1,22,4,13,2023,2
28,1.0,20.0,2,58,4,13,2023,2
3,1.0,157.0,0,36,4,13,2023,2
24,0.265282,59.0,12,59,4,13,2023,2
19,0.04,366.0,13,59,4,12,2023,2
12,0.265282,347.0,13,59,4,12,2023,1
12,0.265282,5900.0,13,59,4,12,2023,0
9,1.0,86.0,2,1,4,11,2023,2
21,0.04,320.0,13,59,4,11,2023,1
17,0.4,105.0,4,58,4,11,2023,1
12,0.25,19.0,0,8,4,11,2023,0
17,0.265282,157.0,13,59,4,11,2023,2
27,0.1,92.0,4,22,4,11,2023,2
5,0.265282,81.0,3,59,4,11,2023,2
15,0.08,399.0,5,59,4,10,2023,0
6,0.37,13.0,0,59,4,10,2023,0
7,0.25,71.0,3,22,4,9,2023,1
12,0.265282,222.0,5,22,4,8,2023,0
12,0.92,409.0,13,59,4,7,2023,1
12,0.265282,138.0,4,59,4,7,2023,1
7,0.2,120.0,4,22,4,7,2023,1
25,0.05,157.0,13,7,4,6,2023,0
27,1.0,157.0,1,17,4,6,2023,0
9,0.3,382.0,0,22,4,5,2023,2
4,0.13,311.0,13,59,4,5,2023,0
23,0.4,157.0,3,22,4,4,2023,2
12,0.265282,96.0,14,59,4,4,2023,1
23,0.265282,30.0,0,1,4,4,2023,0
7,0.2,37.0,3,59,4,4,2023,0
23,0.265282,157.0,12,35,4,4,2023,2
19,0.2,157.0,14,59,4,3,2023,2
19,0.23,2300.0,13,59,4,3,2023,1
7,0.11,339.0,6,59,4,3,2023,0
22,0.12,42.0,0,59,4,3,2023,0
23,0.265282,6200.0,13,59,4,3,2023,2
7,0.265282,1800.0,5,58,4,3,2023,2
5,0.45,130.0,5,51,3,31,2023,1
4,0.265282,181.0,3,59,3,31,2023,0
18,0.265282,683.0,14,9,3,30,2023,1
18,0.06,208.0,13,59,3,30,2023,1
7,0.13,157.0,13,59,3,30,2023,1
2,0.75,50.0,3,22,3,30,2023,1
7,0.25,24.0,2,59,3,30,2023,0
24,0.15,116.0,4,59,3,30,2023,0
18,0.265282,2100.0,13,52,3,30,2023,0
17,0.17,157.0,0,59,3,30,2023,2
22,0.9,157.0,14,48,3,30,2023,2
13,0.265282,157.0,13,59,3,30,2023,2
15,0.15,157.0,4,32,3,30,2023,2
5,0.12,838.0,9,22,3,30,2023,2
12,0.265282,5.0,14,59,3,29,2023,2
2,0.06,2.0,13,59,3,29,2023,2
11,0.265282,157.0,13,59,3,29,2023,2
23,0.265282,119.0,14,59,3,29,2023,1
12,0.28,59.0,13,59,3,29,2023,0
19,0.25,37.0,3,2,3,29,2023,2
7,0.265282,9.0,1,36,3,29,2023,2
27,0.3,504.0,13,59,3,29,2023,2
27,0.18,8300.0,13,59,3,28,2023,2
23,0.265282,62.0,14,59,3,28,2023,1
27,0.33,314.0,13,59,3,28,2023,0
4,0.265282,17.0,14,59,3,27,2023,2
12,0.35,143.0,13,59,3,27,2023,2
7,0.265282,250.0,0,59,3,24,2023,1
2,0.265282,157.0,14,59,3,24,2023,2
23,0.265282,300.0,13,16,3,23,2023,2
4,0.265282,500.0,14,59,3,23,2023,1
23,0.265282,146.0,0,56,3,23,2023,0
19,0.25,15.0,2,16,3,23,2023,0
10,0.15,5.0,14,59,3,22,2023,2
11,0.265282,157.0,13,53,3,22,2023,2
10,0.15,204.0,14,59,3,22,2023,0
27,0.16,376.0,13,58,3,22,2023,0
4,0.265282,80.0,3,7,3,22,2023,2
21,0.27,365.0,6,59,3,22,2023,2
9,0.265282,157.0,14,58,3,21,2023,2
11,0.04,157.0,13,59,3,21,2023,2
10,0.1,131.0,0,24,3,21,2023,1
7,0.1,331.0,0,7,3,21,2023,1
10,0.265282,157.0,2,17,3,21,2023,0
9,0.265282,101.0,2,1,3,21,2023,0
7,0.04,62.0,4,22,3,21,2023,0
28,0.265282,3300.0,13,59,3,21,2023,2
2,0.265282,17.0,2,1,3,21,2023,2
17,0.265282,145.0,3,59,3,21,2023,2
7,0.1,130.0,13,35,3,21,2023,2
23,0.265282,108.0,13,59,3,20,2023,2
2,0.1,57.0,4,41,3,20,2023,2
23,0.02,431.0,7,22,3,17,2023,1
19,0.25,148.0,4,7,3,17,2023,0
21,0.265282,23.0,0,59,3,17,2023,2
26,0.02,484.0,13,59,3,16,2023,1
16,0.265282,157.0,13,59,3,16,2023,1
8,0.28,157.0,14,2,3,16,2023,0
5,0.15,477.0,4,59,3,16,2023,0
23,0.21,71.0,13,59,3,16,2023,0
10,0.265282,31.0,3,59,3,16,2023,2
17,0.265282,778.0,0,59,3,15,2023,1
23,0.3,17.0,2,22,3,15,2023,0
23,0.25,365.0,13,59,3,15,2023,0
7,0.265282,4100.0,13,5,3,15,2023,0
7,0.3,24.0,3,35,3,15,2023,0
21,0.265282,172.0,0,59,3,15,2023,2
2,0.265282,26000.0,13,59,3,14,2023,2
23,0.1,581.0,6,59,3,14,2023,1
3,0.2,487.0,5,59,3,14,2023,1
11,0.14,106.0,4,7,3,14,2023,0
11,0.265282,157.0,13,59,3,14,2023,0
7,0.3,16.0,2,59,3,14,2023,0
27,0.265282,1300.0,13,23,3,10,2023,2
2,0.265282,157.0,0,27,3,10,2023,1
7,0.15,681.0,13,35,3,9,2023,1
9,0.265282,157.0,0,23,3,9,2023,1
9,0.02,3400.0,9,59,3,9,2023,1
7,0.265282,79.0,14,7,3,9,2023,0
18,0.265282,157.0,14,59,3,9,2023,0
10,0.265282,31.0,3,59,3,9,2023,2
12,0.7,157.0,13,59,3,9,2023,2
5,1.0,157.0,2,59,3,9,2023,2
18,0.15,117.0,14,7,3,8,2023,0
4,0.15,52.0,3,59,3,8,2023,2
12,0.15,177.0,6,22,3,7,2023,2
8,0.15,619.0,4,59,3,7,2023,1
7,1.0,18.0,2,59,3,7,2023,2
3,0.25,6.0,0,58,3,7,2023,2
2,0.265282,2700.0,13,59,3,7,2023,2
23,0.265282,194.0,14,59,3,7,2023,2
19,0.05,210.0,13,1,3,6,2023,1
18,0.08,525.0,13,59,3,6,2023,2
23,0.265282,16.0,3,36,3,6,2023,2
10,0.265282,157.0,0,59,3,6,2023,2
5,0.265282,631.0,0,22,3,6,2023,1
23,0.265282,116.0,6,22,3,6,2023,0
23,0.265282,365.0,4,16,3,6,2023,2
10,0.265282,157.0,14,41,3,4,2023,0
21,0.15,788.0,0,5,3,3,2023,2
27,0.7,317.0,13,59,3,3,2023,1
21,0.265282,59.0,0,1,3,3,2023,1
17,0.265282,152.0,14,59,3,3,2023,0
28,0.265282,6400.0,13,59,3,3,2023,0
12,0.265282,458.0,13,59,3,3,2023,2
19,0.265282,1200.0,7,59,3,3,2023,2
25,0.03,148.0,13,59,3,2,2023,1
5,0.265282,461.0,6,59,3,2,2023,1
9,0.265282,157.0,14,5,3,2,2023,0
8,0.11,13.0,2,22,3,2,2023,0
18,0.1,20.0,14,59,3,2,2023,0
7,0.1,157.0,0,53,3,2,2023,2
23,0.265282,12900.0,14,22,3,2,2023,2
2,1.0,157.0,14,59,3,2,2023,2
21,0.265282,472.0,5,59,3,2,2023,1
15,0.265282,157.0,14,59,3,2,2023,2
19,0.04,748.0,13,59,3,1,2023,2
9,0.06,2100.0,15,5,3,1,2023,2
12,0.265282,482.0,6,59,3,1,2023,2
27,0.08,5500.0,15,59,3,1,2023,1
10,0.2,495.0,6,16,3,1,2023,1
26,0.265282,102.0,4,59,3,1,2023,1
28,0.14,839.0,13,59,3,1,2023,1
3,0.5,70.0,2,59,3,1,2023,2
2,0.265282,2.0,13,59,2,28,2023,1
2,0.08,557.0,13,59,2,28,2023,1
5,1.0,157.0,0,22,2,28,2023,2
7,0.09,485.0,13,59,2,28,2023,2
27,0.265282,126.0,13,17,2,27,2023,2
12,0.15,462.0,4,59,2,27,2023,2
7,0.25,283.0,0,59,2,27,2023,1
4,0.02,3000.0,13,59,2,27,2023,1
24,0.07,489.0,8,59,2,27,2023,0
25,0.25,126.0,3,59,2,27,2023,0
25,0.265282,401.0,0,25,2,26,2023,0
2,0.1,12900.0,13,59,2,25,2023,1
19,0.08,663.0,13,52,2,24,2023,2
19,0.265282,1300.0,15,22,2,24,2023,2
27,0.265282,575.0,14,59,2,24,2023,1
26,0.265282,325.0,14,59,2,24,2023,0
9,0.265282,465.0,0,59,2,24,2023,0
12,0.265282,132.0,13,59,2,24,2023,0
7,0.265282,263.0,5,59,2,24,2023,0
12,0.18,1900.0,13,59,2,24,2023,2
23,0.02,153.0,14,59,2,24,2023,2
12,0.1,157.0,14,59,2,23,2023,1
17,0.32,442.0,5,17,2,23,2023,1
23,0.06,157.0,0,1,2,23,2023,0
27,0.265282,400.0,13,59,2,23,2023,0
13,0.265282,76.0,3,59,2,23,2023,0
3,0.2,607.0,5,59,2,23,2023,2
3,0.15,61.0,3,59,2,23,2023,2
12,0.13,157.0,0,59,2,23,2023,2
18,0.12,157.0,0,58,2,22,2023,1
26,0.265282,279.0,13,59,2,22,2023,1
12,0.265282,155.0,4,59,2,22,2023,2
3,0.11,279.0,4,1,2,22,2023,2
12,0.57,194.0,14,59,2,22,2023,2
27,1.0,57.0,1,59,2,22,2023,2
9,0.7,214.0,4,50,2,21,2023,2
3,0.2,451.0,0,22,2,21,2023,1
18,0.265282,26.0,0,27,2,21,2023,1
7,0.265282,406.0,5,59,2,21,2023,0
17,0.04,52.0,3,59,2,21,2023,0
27,0.265282,157.0,7,36,2,21,2023,0
17,0.265282,61.0,13,16,2,21,2023,2
21,0.265282,121.0,4,59,2,21,2023,2
23,0.265282,467.0,13,17,2,21,2023,2
19,0.3,79.0,3,22,2,20,2023,1
3,0.05,1000.0,6,59,2,20,2023,0
19,0.28,10.0,1,1,2,20,2023,0
9,1.0,9.0,2,59,2,20,2023,2
11,0.265282,4200.0,13,25,2,19,2023,1
11,0.05,50.0,13,59,2,17,2023,2
2,0.265282,12600.0,13,9,2,17,2023,2
2,0.265282,290.0,14,59,2,17,2023,1
7,0.33,302.0,4,59,2,17,2023,1
19,0.265282,105.0,13,59,2,17,2023,2
3,0.265282,157.0,0,59,2,17,2023,2
24,0.1,536.0,13,59,2,16,2023,2
19,0.2,62.0,14,59,2,16,2023,2
23,0.07,356.0,13,59,2,16,2023,1
19,0.03,152.0,13,59,2,16,2023,1
15,0.265282,1100.0,6,59,2,16,2023,2
17,0.06,58.0,13,25,2,15,2023,2
24,0.08,1100.0,8,59,2,15,2023,1
7,0.09,720.0,5,5,2,15,2023,1
18,0.265282,22.0,4,16,2,15,2023,1
13,0.11,491.0,13,59,2,15,2023,1
26,0.04,429.0,13,59,2,15,2023,1
7,0.265282,435.0,7,59,2,15,2023,0
21,0.265282,180.0,3,59,2,15,2023,0
9,0.2,86.0,2,1,2,15,2023,2
17,0.14,1100.0,13,59,2,15,2023,2
26,0.265282,214.0,4,59,2,15,2023,2
18,0.265282,63.0,3,59,2,15,2023,2
19,0.15,148.0,4,59,2,15,2023,2
12,0.14,185.0,13,59,2,15,2023,2
19,0.14,157.0,13,59,2,14,2023,2
23,0.31,157.0,14,59,2,14,2023,2
23,1.0,2.0,0,17,2,14,2023,0
10,0.08,11.0,3,59,2,14,2023,2
12,0.7,40.0,3,22,2,14,2023,2
5,0.1,311.0,13,59,2,14,2023,2
19,0.17,614.0,13,59,2,13,2023,2
19,0.25,212.0,5,59,2,13,2023,1
17,1.0,157.0,0,59,2,13,2023,1
23,0.265282,225.0,4,5,2,13,2023,1
2,0.07,30.0,14,59,2,13,2023,1
12,0.265282,719.0,7,59,2,13,2023,0
3,0.265282,170.0,3,59,2,13,2023,0
21,0.3,708.0,0,26,2,13,2023,2
9,0.265282,749.0,14,48,2,13,2023,2
9,0.265282,1800.0,6,58,2,13,2023,2
22,0.265282,154.0,14,59,2,13,2023,2
27,0.11,138.0,3,23,2,12,2023,2
17,0.2,16.0,14,59,2,10,2023,1
12,0.72,278.0,13,7,2,10,2023,0
2,0.265282,9400.0,14,22,2,10,2023,0
16,0.2,157.0,12,35,2,10,2023,0
7,0.265282,140.0,5,5,2,10,2023,0
11,0.28,298.0,13,59,2,10,2023,2
5,0.265282,24.0,2,59,2,10,2023,0
2,0.2,6.0,14,59,2,9,2023,2
9,0.33,526.0,4,59,2,9,2023,2
9,0.09,1700.0,13,58,2,9,2023,2
12,0.35,856.0,9,59,2,9,2023,0
7,0.1,566.0,13,59,2,9,2023,1
20,0.07,413.0,13,59,2,9,2023,1
23,0.12,157.0,13,59,2,9,2023,1
12,0.17,218.0,0,59,2,9,2023,1
25,0.12,192.0,4,14,2,9,2023,0
27,0.11,317.0,13,25,2,9,2023,0
20,0.1,350.0,14,59,2,9,2023,2
18,0.265282,157.0,0,59,2,9,2023,2
3,1.0,157.0,0,22,2,9,2023,2
17,0.08,800.0,13,59,2,8,2023,2
7,0.19,1500.0,13,59,2,8,2023,2
10,0.05,746.0,6,59,2,8,2023,1
24,0.07,583.0,6,59,2,8,2023,1
12,0.08,168.0,6,59,2,8,2023,0
7,0.25,85.0,3,59,2,8,2023,0
27,0.75,63.0,0,1,2,8,2023,2
7,0.14,278.0,5,7,2,8,2023,2
12,1.0,100.0,4,59,2,8,2023,2
1,0.2,15.0,14,1,2,8,2023,2
19,0.15,276.0,13,59,2,7,2023,2
23,0.04,1200.0,13,59,2,7,2023,0
25,0.09,83.0,13,59,2,7,2023,1
24,0.1,245.0,14,59,2,7,2023,1
7,1.0,299.0,13,1,2,7,2023,1
5,0.09,56.0,12,24,2,7,2023,0
10,0.19,106.0,3,59,2,7,2023,2
11,0.05,157.0,13,59,2,6,2023,2
15,0.07,507.0,7,5,2,6,2023,2
23,0.265282,80.0,14,1,2,6,2023,1
27,0.265282,157.0,15,59,2,6,2023,1
17,0.265282,107.0,14,59,2,6,2023,0
18,0.25,19.0,0,22,2,6,2023,0
24,0.265282,496.0,7,59,2,6,2023,0
7,0.265282,2300.0,0,5,2,6,2023,2
23,0.11,157.0,0,48,2,6,2023,2
7,0.265282,6.0,1,25,2,6,2023,2
12,0.265282,183.0,0,59,2,5,2023,0
7,0.25,42.0,3,25,2,5,2023,0
10,0.15,396.0,6,59,2,3,2023,1
15,0.265282,150.0,6,22,2,3,2023,1
3,0.2,10.0,0,59,2,3,2023,1
23,0.15,30.0,0,1,2,3,2023,2
5,0.265282,5500.0,12,22,2,2,2023,2
25,0.05,1200.0,13,59,2,2,2023,2
19,0.02,157.0,13,59,2,2,2023,2
12,0.265282,160.0,4,59,2,2,2023,1
25,0.07,157.0,13,58,2,2,2023,1
19,0.07,476.0,4,59,2,2,2023,1
9,0.265282,1800.0,6,59,2,2,2023,1
24,0.1,644.0,7,59,2,2,2023,1
3,0.265282,157.0,0,59,2,2,2023,1
4,0.265282,55.0,3,59,2,2,2023,0
5,0.265282,1500.0,2,59,2,2,2023,0
19,0.265282,811.0,13,59,2,2,2023,2
27,0.1,948.0,13,59,2,2,2023,2
2,0.2,240.0,13,50,2,2,2023,2
7,0.265282,60.0,4,35,2,2,2023,2
26,0.265282,497.0,5,59,2,2,2023,2
4,0.04,2400.0,13,59,2,1,2023,2
2,0.265282,1500.0,13,59,2,1,2023,1
2,0.04,719.0,13,59,2,1,2023,1
25,0.265282,161.0,13,59,2,1,2023,1
19,0.1,415.0,6,59,2,1,2023,1
18,0.22,157.0,13,7,2,1,2023,0
12,0.28,215.0,4,59,2,1,2023,0
3,0.05,536.0,7,59,2,1,2023,0
25,0.08,157.0,13,59,2,1,2023,0
14,0.03,100.0,12,59,2,1,2023,0
18,0.1,28.0,4,59,2,1,2023,0
26,0.265282,190.0,4,7,2,1,2023,2
18,0.08,80.0,6,59,2,1,2023,2
12,0.5,76.0,13,59,2,1,2023,2
4,0.08,245.0,13,15,2,1,2023,2
2,0.08,157.0,13,59,2,1,2023,2
10,0.265282,137.0,3,59,2,1,2023,2
9,0.265282,52.0,0,59,2,1,2023,2
27,0.06,10700.0,13,59,2,1,2023,2
7,0.07,216.0,13,59,1,31,2023,2
4,0.08,157.0,13,59,1,31,2023,2
10,0.03,230.0,13,59,1,31,2023,2
17,0.07,100.0,13,59,1,31,2023,2
7,0.2,144.0,13,59,1,31,2023,2
4,0.04,344.0,13,17,1,31,2023,1
23,0.17,1600.0,13,59,1,31,2023,1
7,0.265282,1300.0,5,17,1,31,2023,1
2,0.14,235.0,0,59,1,31,2023,0
27,0.265282,12.0,0,36,1,31,2023,0
7,0.265282,4100.0,13,5,1,31,2023,0
25,0.09,80.0,0,25,1,31,2023,0
11,0.04,157.0,13,59,1,31,2023,2
4,0.08,1100.0,13,7,1,31,2023,2
12,0.13,157.0,13,34,1,30,2023,2
17,0.15,157.0,14,34,1,30,2023,2
27,0.5,629.0,13,58,1,30,2023,2
23,0.265282,1400.0,13,59,1,30,2023,2
11,0.265282,12.0,13,59,1,30,2023,2
9,0.06,1200.0,14,51,1,30,2023,2
9,0.04,9900.0,13,17,1,30,2023,1
9,0.2,1900.0,9,59,1,30,2023,1
23,0.13,205.0,4,17,1,30,2023,0
7,0.25,157.0,13,59,1,30,2023,2
23,0.265282,322.0,6,5,1,30,2023,2
10,0.265282,224.0,4,59,1,30,2023,2
3,0.33,176.0,3,59,1,30,2023,2
12,0.12,425.0,13,59,1,30,2023,2
7,0.265282,3000.0,13,59,1,30,2023,2
25,0.265282,43.0,3,15,1,29,2023,2
7,0.5,157.0,0,5,1,28,2023,0
3,0.265282,101.0,2,59,1,28,2023,0
23,0.07,157.0,2,7,1,27,2023,1
23,0.06,390.0,6,22,1,27,2023,1
23,0.265282,157.0,1,59,1,27,2023,1
19,0.265282,157.0,13,59,1,27,2023,1
27,0.265282,157.0,0,17,1,27,2023,0
3,0.1,100.0,4,48,1,27,2023,0
3,0.25,45.0,2,7,1,27,2023,0
17,0.17,21.0,3,7,1,27,2023,0
12,0.265282,18.0,2,59,1,27,2023,2
7,0.265282,273.0,0,42,1,27,2023,2
23,0.265282,47.0,2,59,1,27,2023,2
19,0.08,157.0,0,17,1,27,2023,2
19,0.03,1300.0,13,17,1,26,2023,2
4,0.08,455.0,13,59,1,26,2023,1
7,0.2,550.0,5,59,1,26,2023,0
7,1.0,157.0,13,58,1,26,2023,2
19,0.1,43.0,3,59,1,26,2023,2
2,0.265282,226.0,5,59,1,26,2023,0
11,0.02,157.0,13,59,1,25,2023,2
11,0.07,157.0,13,59,1,25,2023,2
23,0.265282,50.0,14,59,1,25,2023,2
3,0.35,13.0,14,58,1,25,2023,2
21,0.25,157.0,0,59,1,25,2023,2
12,0.07,550.0,13,59,1,25,2023,1
14,0.15,171.0,5,59,1,25,2023,1
27,0.07,646.0,5,17,1,25,2023,1
12,0.265282,51.0,2,59,1,25,2023,2
7,0.265282,157.0,0,25,1,25,2023,2
8,0.265282,657.0,7,59,1,25,2023,1
7,0.07,157.0,13,5,1,25,2023,2
19,0.3,157.0,0,34,1,25,2023,2
28,0.17,834.0,13,59,1,24,2023,2
12,0.15,379.0,6,59,1,24,2023,1
7,0.1,1300.0,6,59,1,24,2023,0
24,0.2,36.0,3,7,1,24,2023,0
20,0.28,41.0,2,17,1,24,2023,0
12,0.265282,14.0,2,59,1,24,2023,0
17,0.2,157.0,0,7,1,24,2023,0
10,0.1,332.0,4,17,1,24,2023,2
7,0.14,160.0,4,59,1,24,2023,0
1,0.265282,451.0,3,59,1,24,2023,2
20,0.07,173.0,13,59,1,24,2023,2
10,0.09,23.0,3,58,1,24,2023,2
18,0.06,2100.0,13,52,1,23,2023,2
15,0.03,2700.0,15,59,1,23,2023,1
17,0.265282,320.0,0,22,1,23,2023,0
17,0.1,295.0,13,59,1,23,2023,0
23,0.265282,23.0,2,1,1,23,2023,0
25,0.17,97.0,3,59,1,23,2023,0
17,0.15,69.0,4,59,1,23,2023,0
5,0.7,16.0,2,22,1,23,2023,2
3,0.1,423.0,0,59,1,23,2023,2
17,0.08,117.0,13,59,1,23,2023,2
7,0.265282,115.0,4,34,1,22,2023,2
2,0.06,26.0,13,59,1,20,2023,2
23,0.1,1700.0,13,59,1,20,2023,2
9,0.06,3600.0,0,22,1,20,2023,2
12,0.08,192.0,14,22,1,20,2023,1
18,0.07,307.0,7,59,1,20,2023,1
13,0.265282,157.0,14,59,1,20,2023,1
10,0.265282,169.0,0,59,1,20,2023,0
23,0.1,14.0,0,5,1,20,2023,0
12,0.265282,1.0,0,59,1,20,2023,0
4,0.27,64.0,4,59,1,20,2023,0
7,0.265282,341.0,14,59,1,20,2023,2
12,0.7,156.0,4,59,1,20,2023,2
4,0.265282,91.0,3,59,1,20,2023,2
2,0.265282,157.0,14,59,1,20,2023,2
23,0.265282,62.0,14,59,1,20,2023,2
7,0.265282,157.0,13,59,1,19,2023,2
27,0.265282,1200.0,13,59,1,19,2023,2
21,0.265282,22200.0,13,59,1,19,2023,2
19,0.35,153.0,3,59,1,19,2023,1
23,0.05,965.0,0,59,1,19,2023,1
14,0.09,233.0,13,59,1,19,2023,0
2,0.265282,21.0,14,59,1,19,2023,0
8,0.265282,269.0,5,59,1,19,2023,0
27,1.0,2.0,0,59,1,19,2023,2
18,0.265282,145.0,6,59,1,19,2023,2
11,0.265282,21.0,0,59,1,19,2023,2
14,0.265282,521.0,0,59,1,19,2023,2
17,0.06,400.0,13,59,1,19,2023,2
21,0.7,13.0,2,59,1,19,2023,2
12,0.3,225.0,13,59,1,19,2023,2
4,0.28,56.0,3,59,1,19,2023,2
7,0.265282,41.0,2,1,1,19,2023,2
6,0.15,167.0,13,51,1,19,2023,2
19,0.05,1.0,13,59,1,18,2023,2
25,0.1,125.0,14,59,1,18,2023,2
12,0.06,172.0,13,59,1,18,2023,2
27,0.2,1300.0,13,59,1,18,2023,2
26,0.07,253.0,13,59,1,18,2023,1
7,0.2,571.0,13,59,1,18,2023,1
19,0.14,69.0,0,7,1,18,2023,1
28,0.12,179.0,13,59,1,18,2023,1
25,0.12,416.0,7,59,1,18,2023,1
7,0.07,1100.0,13,59,1,18,2023,1
19,0.24,260.0,13,59,1,18,2023,1
17,0.07,300.0,4,7,1,18,2023,0
12,0.31,47.0,0,17,1,18,2023,0
7,0.03,491.0,7,59,1,18,2023,0
9,0.1,275.0,0,59,1,18,2023,2
13,0.2,420.0,5,15,1,18,2023,0
2,0.15,946.0,13,59,1,18,2023,2
12,0.3,204.0,4,8,1,18,2023,2
27,0.265282,2000.0,13,58,1,18,2023,2
19,0.265282,240.0,5,59,1,18,2023,2
20,0.265282,54.0,3,59,1,18,2023,2
12,0.2,157.0,13,59,1,18,2023,2
13,0.265282,854.0,14,59,1,18,2023,2
23,0.14,55.0,13,1,1,18,2023,2
23,0.1,1200.0,13,7,1,17,2023,2
19,0.03,1300.0,13,59,1,17,2023,2
27,1.0,2400.0,0,58,1,17,2023,1
27,0.265282,253.0,0,7,1,17,2023,1
26,0.15,87.0,5,22,1,17,2023,1
19,0.1,336.0,5,5,1,17,2023,1
1,0.265282,218.0,3,10,1,17,2023,1
19,0.65,92.0,14,59,1,17,2023,0
21,0.265282,31.0,3,59,1,17,2023,0
19,0.265282,44.0,13,59,1,17,2023,0
2,0.265282,59.0,0,59,1,17,2023,2
27,0.7,54.0,4,22,1,17,2023,2
26,0.16,12.0,13,59,1,17,2023,2
19,0.265282,157.0,13,59,1,17,2023,2
9,0.265282,2300.0,0,0,1,17,2023,2
7,0.265282,2.0,14,59,1,17,2023,2
7,0.265282,157.0,13,5,1,17,2023,2
7,0.07,157.0,13,5,1,16,2023,2
2,0.2,1700.0,9,22,1,16,2023,2
9,0.265282,17.0,3,22,1,16,2023,1
7,0.3,698.0,4,7,1,16,2023,0
9,0.03,382.0,0,22,1,16,2023,2
7,0.1,74.0,4,1,1,16,2023,2
9,0.02,548.0,0,22,1,16,2023,2
9,0.265282,126.0,4,22,1,15,2023,1
17,0.3,104.0,4,59,1,15,2023,1
9,0.43,21.0,2,22,1,15,2023,0
9,0.05,254.0,6,22,1,15,2023,2
11,0.265282,157.0,0,9,1,13,2023,2
27,0.265282,5000.0,11,22,1,13,2023,1
19,0.1,157.0,0,59,1,13,2023,1
12,0.265282,101.0,3,59,1,13,2023,0
12,1.0,155.0,4,59,1,13,2023,2
27,0.265282,1600.0,13,59,1,13,2023,2
17,0.265282,2.0,0,59,1,13,2023,2
19,0.265282,21.0,14,59,1,13,2023,2
20,0.09,114.0,4,59,1,13,2023,2
7,0.14,392.0,13,59,1,12,2023,1
18,0.4,410.0,7,59,1,12,2023,1
26,0.265282,28.0,3,22,1,12,2023,1
7,0.39,42.0,3,5,1,12,2023,1
3,0.28,490.0,5,58,1,12,2023,1
7,0.21,556.0,5,59,1,12,2023,1
7,0.265282,41.0,3,22,1,12,2023,1
4,0.265282,334.0,0,59,1,12,2023,0
12,0.06,157.0,13,59,1,12,2023,0
12,0.3,157.0,1,59,1,12,2023,0
5,0.265282,51.0,3,59,1,12,2023,0
3,0.2,157.0,0,59,1,12,2023,2
10,0.15,328.0,7,59,1,12,2023,2
2,0.14,158.0,13,59,1,12,2023,2
17,0.15,34.0,3,59,1,12,2023,2
15,0.2,2400.0,6,59,1,11,2023,2
19,0.05,400.0,13,59,1,11,2023,2
12,0.15,3500.0,0,59,1,11,2023,2
7,0.11,565.0,7,59,1,11,2023,1
25,0.06,205.0,12,59,1,11,2023,1
3,0.265282,244.0,5,22,1,11,2023,1
25,0.265282,349.0,13,59,1,11,2023,0
12,0.265282,94.0,3,59,1,11,2023,0
19,0.2,157.0,14,59,1,11,2023,0
2,0.265282,133.0,4,59,1,11,2023,0
10,0.1,1100.0,8,59,1,11,2023,2
10,0.15,33.0,4,59,1,11,2023,2
10,0.265282,224.0,4,59,1,11,2023,2
7,0.08,293.0,5,58,1,11,2023,2
3,0.2,549.0,13,59,1,10,2023,2
4,0.07,157.0,13,59,1,10,2023,2
7,0.28,665.0,13,59,1,10,2023,2
7,0.265282,95.0,4,1,1,10,2023,1
3,0.11,726.0,5,59,1,10,2023,1
25,0.1,125.0,13,59,1,10,2023,1
5,0.19,22.0,13,7,1,10,2023,1
5,0.265282,190.0,6,22,1,10,2023,0
2,0.75,36.0,3,59,1,10,2023,0
15,0.05,178.0,4,7,1,10,2023,0
10,0.2,157.0,0,22,1,10,2023,0
18,0.2,111.0,3,25,1,10,2023,0
23,0.265282,120.0,4,59,1,10,2023,2
10,0.12,223.0,5,59,1,10,2023,2
23,0.265282,383.0,0,59,1,10,2023,2
13,0.15,20.0,14,59,1,10,2023,2
19,0.21,10.0,2,59,1,10,2023,2
8,0.04,404.0,7,59,1,10,2023,2
12,0.57,1200.0,13,59,1,9,2023,2
12,0.265282,560.0,13,59,1,9,2023,2
12,0.2,656.0,13,59,1,9,2023,2
4,0.2,602.0,6,59,1,9,2023,2
18,0.1,160.0,10,58,1,8,2023,0
19,0.03,307.0,13,59,1,8,2023,0
17,0.265282,80.0,14,59,1,7,2023,0
3,0.2,2.0,0,9,1,6,2023,2
12,0.265282,522.0,5,59,1,6,2023,1
27,0.05,214.0,5,22,1,6,2023,0
25,0.265282,88.0,4,59,1,6,2023,2
10,0.265282,30.0,12,59,1,6,2023,2
16,0.265282,157.0,0,59,1,6,2023,2
23,1.0,40.0,1,59,1,6,2023,2
11,0.75,204.0,3,59,1,6,2023,2
3,0.3,9.0,2,59,1,6,2023,2
12,0.265282,999.0,13,59,1,5,2023,2
19,0.5,326.0,13,59,1,5,2023,1
7,0.19,646.0,6,59,1,5,2023,1
3,0.3,157.0,2,59,1,5,2023,0
23,0.02,472.0,7,48,1,5,2023,0
2,0.265282,12900.0,13,59,1,5,2023,0
23,0.17,176.0,0,59,1,5,2023,0
4,0.25,116.0,4,25,1,5,2023,0
26,0.08,178.0,12,59,1,5,2023,0
11,0.33,50.0,0,25,1,5,2023,0
23,0.15,62.0,3,22,1,5,2023,0
17,0.15,863.0,6,59,1,5,2023,2
21,0.265282,1600.0,13,59,1,5,2023,2
13,0.265282,98.0,13,1,1,5,2023,2
23,0.2,79.0,13,59,1,5,2023,1
12,0.4,173.0,13,59,1,5,2023,2
23,0.02,108.0,13,59,1,4,2023,2
24,0.1,65.0,13,59,1,4,2023,2
4,0.2,282.0,4,59,1,4,2023,1
18,0.11,166.0,13,59,1,4,2023,1
16,0.05,274.0,6,59,1,4,2023,0
12,0.25,530.0,13,59,1,4,2023,2
2,0.11,450.0,13,59,1,4,2023,2
3,1.0,29.0,0,59,1,4,2023,2
10,0.04,157.0,13,59,1,3,2023,1
26,0.1,620.0,6,59,1,3,2023,1
5,0.3,157.0,14,22,1,3,2023,0
2,0.1,9400.0,0,9,1,3,2023,2
26,0.03,157.0,13,59,1,2,2023,2
11,0.1,50.0,13,59,1,1,2023,2
9,0.14,675.0,0,58,12,31,2022,2
3,0.265282,23.0,1,28,12,31,2022,2
18,0.3,3700.0,13,9,12,27,2022,2
3,0.4,8.0,2,47,12,27,2022,2
7,0.06,157.0,14,34,12,26,2022,1
19,0.15,96.0,3,58,12,25,2022,2
21,0.22,157.0,0,1,12,23,2022,1
23,0.13,1000.0,6,16,12,23,2022,1
21,0.265282,25.0,4,58,12,23,2022,0
11,0.265282,157.0,13,59,12,22,2022,1
27,0.25,648.0,13,59,12,21,2022,2
19,0.5,90.0,2,17,12,21,2022,2
9,0.24,50.0,6,48,12,20,2022,0
7,0.4,10.0,2,7,12,20,2022,0
4,0.265282,63.0,0,58,12,20,2022,2
2,0.1,892.0,7,9,12,20,2022,2
21,0.13,4.0,14,59,12,19,2022,0
12,0.265282,136.0,5,59,12,19,2022,2
2,0.265282,7400.0,13,59,12,19,2022,2
9,1.0,2.0,0,1,12,19,2022,2
7,0.25,29.0,0,17,12,16,2022,0
4,0.3,26.0,2,7,12,16,2022,0
27,0.265282,157.0,13,7,12,16,2022,2
3,0.265282,205.0,3,59,12,16,2022,2
7,0.265282,331.0,0,7,12,16,2022,2
19,0.1,704.0,0,58,12,16,2022,2
7,0.18,183.0,4,59,12,16,2022,2
23,0.12,30.0,2,7,12,16,2022,2
12,0.15,183.0,4,59,12,16,2022,2
23,0.13,224.0,13,59,12,15,2022,1
26,0.02,484.0,13,59,12,15,2022,1
19,0.31,379.0,4,59,12,15,2022,1
10,0.2,76.0,3,59,12,15,2022,0
20,0.15,183.0,5,59,12,15,2022,2
23,0.3,5100.0,13,23,12,14,2022,1
5,0.265282,686.0,5,2,12,14,2022,1
27,0.265282,175.0,13,59,12,14,2022,0
12,0.04,215.0,0,59,12,14,2022,0
9,0.1,64.0,4,59,12,14,2022,0
21,0.265282,347.0,4,59,12,14,2022,2
2,0.14,698.0,10,59,12,13,2022,1
13,0.1,462.0,13,59,12,13,2022,1
12,0.09,514.0,6,59,12,13,2022,1
17,0.13,157.0,13,59,12,13,2022,0
3,0.265282,235.0,3,59,12,13,2022,2
5,0.2,192.0,14,59,12,12,2022,2
9,0.265282,107.0,14,59,12,12,2022,2
24,0.265282,51.0,3,59,12,12,2022,0
7,0.265282,189.0,4,59,12,12,2022,2
5,0.25,240.0,5,59,12,10,2022,0
20,0.1,94.0,3,17,12,10,2022,0
7,0.265282,97.0,4,59,12,10,2022,2
21,0.265282,281.0,0,59,12,10,2022,2
12,0.265282,1600.0,0,22,12,10,2022,2
2,0.15,157.0,13,25,12,9,2022,2
27,0.36,157.0,14,17,12,9,2022,1
12,0.16,174.0,4,5,12,9,2022,1
7,0.33,73.0,3,58,12,9,2022,1
17,0.115,442.0,5,17,12,9,2022,0
7,0.02,537.0,9,59,12,9,2022,0
19,1.0,25.0,2,25,12,9,2022,2
3,1.0,157.0,0,1,12,9,2022,2
19,0.265282,225.0,13,59,12,9,2022,2
3,0.1,25.0,3,59,12,9,2022,2
20,0.2,1400.0,7,59,12,8,2022,2
9,0.03,3600.0,0,22,12,8,2022,2
10,0.18,82.0,5,48,12,8,2022,1
27,0.3,138.0,4,5,12,8,2022,1
7,0.05,220.0,12,59,12,8,2022,1
23,0.265282,205.0,4,17,12,8,2022,1
27,0.5,231.0,13,25,12,8,2022,1
17,0.05,115.0,13,59,12,8,2022,0
12,0.265282,459.0,6,59,12,8,2022,0
25,0.15,153.0,4,59,12,8,2022,0
25,0.04,537.0,12,59,12,8,2022,0
3,0.15,932.0,13,59,12,8,2022,2
9,0.1,352.0,13,59,12,8,2022,2
13,0.265282,32.0,3,59,12,8,2022,2
11,0.265282,850.0,13,59,12,8,2022,2
5,0.17,150.0,13,59,12,8,2022,2
25,0.14,203.0,3,59,12,8,2022,2
5,0.265282,292.0,6,22,12,7,2022,2
21,0.12,788.0,0,5,12,7,2022,2
7,0.2,734.0,5,59,12,7,2022,2
27,0.06,567.0,7,59,12,7,2022,1
3,0.265282,55.0,2,59,12,7,2022,1
14,0.1,125.0,12,59,12,7,2022,1
27,0.13,515.0,5,59,12,7,2022,1
17,0.13,116.0,14,59,12,7,2022,1
2,0.08,613.0,6,59,12,7,2022,1
23,0.1,2300.0,0,59,12,7,2022,0
21,0.3,114.0,3,59,12,7,2022,0
7,0.18,115.0,4,59,12,7,2022,0
20,0.17,315.0,7,59,12,7,2022,0
9,0.05,139.0,4,23,12,7,2022,2
7,0.265282,157.0,14,59,12,7,2022,2
7,0.4,679.0,13,59,12,6,2022,2
11,0.265282,12.0,13,59,12,6,2022,1
18,0.12,696.0,13,59,12,6,2022,1
19,0.25,157.0,14,59,12,6,2022,1
17,0.265282,2.0,13,59,12,6,2022,1
7,0.125,302.0,4,59,12,6,2022,0
7,0.08,480.0,0,59,12,6,2022,0
25,0.08,165.0,4,25,12,6,2022,0
3,0.14,157.0,0,58,12,6,2022,0
1,0.13,36.0,3,7,12,6,2022,0
14,0.265282,226.0,5,59,12,6,2022,2
27,0.265282,630.0,0,36,12,6,2022,2
19,0.17,200.0,12,59,12,6,2022,2
12,0.25,479.0,5,59,12,6,2022,2
7,0.11,647.0,13,59,12,6,2022,2
3,0.4,157.0,0,1,12,5,2022,1
25,0.1,265.0,6,59,12,5,2022,0
7,0.18,103.0,3,25,12,5,2022,0
12,0.265282,323.0,3,59,12,5,2022,2
23,0.265282,481.0,0,59,12,5,2022,2
5,0.265282,22.0,13,7,12,5,2022,2
28,0.265282,4000.0,7,22,12,3,2022,2
8,0.265282,100.0,4,22,12,3,2022,1
3,0.3,157.0,0,48,12,3,2022,2
25,0.05,157.0,0,25,12,2,2022,1
2,0.265282,1700.0,0,22,12,2,2022,1
7,0.15,184.0,4,59,12,2,2022,0
21,0.265282,128.0,0,59,12,2,2022,0
2,1.0,9.0,0,59,12,2,2022,2
23,0.1,372.0,12,48,12,1,2022,1
17,0.37,194.0,6,59,12,1,2022,1
5,0.5,157.0,0,59,12,1,2022,1
20,0.16,212.0,5,59,12,1,2022,0
24,0.23,32.0,13,59,12,1,2022,0
26,0.12,419.0,5,59,12,1,2022,2
12,0.6,229.0,13,59,12,1,2022,2
8,0.14,151.0,7,59,12,1,2022,2
12,0.25,321.0,13,59,12,1,2022,2
7,0.265282,69.0,2,58,12,1,2022,2
9,0.06,2500.0,13,59,11,30,2022,2
3,0.3,134.0,0,59,11,30,2022,2
7,0.34,191.0,5,59,11,30,2022,1
23,0.23,140.0,3,23,11,30,2022,1
9,0.07,850.0,3,59,11,30,2022,1
5,0.265282,64.0,2,17,11,30,2022,0
17,0.13,145.0,3,59,11,30,2022,0
7,0.03,544.0,5,0,11,30,2022,0
5,0.05,118.0,3,22,11,30,2022,0
19,0.265282,157.0,0,0,11,30,2022,0
23,0.5,40.0,14,58,11,30,2022,0
4,0.13,162.0,13,59,11,30,2022,2
27,0.265282,157.0,0,59,11,30,2022,2
2,0.265282,1500.0,13,59,11,30,2022,2
12,0.15,700.0,2,59,11,30,2022,2
25,0.265282,167.0,14,59,11,30,2022,2
3,0.265282,378.0,4,32,11,29,2022,1
23,0.25,144.0,0,58,11,29,2022,0
3,0.2,1.0,0,1,11,29,2022,0
3,1.0,157.0,0,59,11,29,2022,2
12,0.18,162.0,13,59,11,29,2022,2
23,0.1,269.0,3,59,11,29,2022,2
3,0.265282,157.0,0,36,11,29,2022,2
19,0.31,1100.0,4,34,11,29,2022,2
7,0.4,13.0,2,32,11,29,2022,2
24,0.265282,20.0,2,59,11,29,2022,0
19,0.5,604.0,5,17,11,28,2022,2
2,0.2,260.0,0,5,11,28,2022,2
22,0.4,157.0,2,22,11,28,2022,1
5,0.06,483.0,5,7,11,28,2022,1
7,0.08,245.0,0,23,11,28,2022,0
3,0.33,100.0,2,59,11,28,2022,0
19,0.1,87.0,5,17,11,28,2022,0
3,1.0,1000.0,6,59,11,28,2022,2
5,0.265282,50.0,0,58,11,28,2022,2
21,0.265282,11.0,2,59,11,28,2022,2
3,0.265282,103.0,3,7,11,28,2022,2
6,0.4,78.0,3,59,11,28,2022,2
7,0.24,22.0,0,34,11,27,2022,2
7,0.265282,389.0,0,58,11,26,2022,2
18,0.05,1700.0,11,22,11,25,2022,1
27,0.2,157.0,0,58,11,25,2022,0
9,0.09,43.0,2,36,11,25,2022,0
3,0.38,17.0,2,0,11,24,2022,1
3,0.2,3.0,0,36,11,24,2022,0
9,0.265282,157.0,14,1,11,24,2022,2
18,0.265282,157.0,3,53,11,24,2022,2
7,1.0,2.0,1,59,11,23,2022,2
23,1.0,6.0,1,7,11,23,2022,2
19,1.0,20.0,2,10,11,23,2022,2
27,0.5,264.0,13,13,11,23,2022,2
11,0.265282,900.0,13,59,11,22,2022,2
23,0.08,92.0,3,23,11,22,2022,1
26,0.265282,11.0,14,5,11,22,2022,1
23,0.08,1000.0,6,48,11,22,2022,1
9,0.265282,57.0,3,48,11,22,2022,2
12,0.265282,809.0,13,59,11,22,2022,2
7,0.265282,770.0,0,25,11,22,2022,2
23,0.2,1200.0,13,36,11,21,2022,2
9,0.1,804.0,4,59,11,21,2022,1
25,0.15,481.0,7,59,11,21,2022,2
7,1.0,157.0,0,59,11,21,2022,2
9,0.04,914.0,11,22,11,19,2022,1
27,0.08,1600.0,13,59,11,18,2022,2
27,0.2,2100.0,5,59,11,18,2022,2
12,0.2,459.0,6,59,11,18,2022,1
27,0.265282,34.0,3,58,11,18,2022,0
7,0.25,281.0,5,59,11,18,2022,2
27,0.265282,1600.0,6,5,11,18,2022,2
3,0.265282,157.0,0,59,11,18,2022,2
5,0.265282,205.0,0,23,11,18,2022,2
18,0.25,18.0,14,59,11,18,2022,2
3,0.15,33.0,2,59,11,18,2022,2
18,0.07,208.0,13,59,11,17,2022,1
21,0.265282,472.0,5,59,11,17,2022,1
21,0.265282,157.0,13,59,11,17,2022,1
7,0.33,281.0,0,52,11,17,2022,0
24,0.265282,54.0,3,59,11,17,2022,0
7,0.25,281.0,5,59,11,17,2022,0
19,0.19,73.0,3,7,11,17,2022,0
7,0.04,278.0,5,7,11,17,2022,0
17,0.09,35.0,2,24,11,17,2022,0
19,0.17,188.0,4,59,11,17,2022,2
18,0.14,157.0,14,59,11,17,2022,2
19,0.13,148.0,4,7,11,17,2022,2
23,0.03,108.0,13,59,11,16,2022,2
13,0.05,2.0,13,59,11,16,2022,2
9,0.21,157.0,4,28,11,16,2022,1
17,0.4,889.0,0,24,11,16,2022,1
19,0.1,235.0,13,59,11,16,2022,1
23,0.11,452.0,7,59,11,16,2022,1
19,0.23,56.0,3,59,11,16,2022,1
17,0.09,436.0,0,59,11,16,2022,0
12,0.22,409.0,13,59,11,16,2022,0
5,0.05,168.0,13,7,11,16,2022,2
27,0.16,63.0,0,17,11,16,2022,2
21,0.25,501.0,0,59,11,16,2022,2
19,0.17,1000.0,5,58,11,16,2022,2
19,0.265282,15.0,2,58,11,16,2022,2
20,1.0,21.0,2,59,11,16,2022,2
4,0.06,2000.0,13,59,11,15,2022,1
19,0.09,453.0,13,59,11,15,2022,1
25,0.17,507.0,6,59,11,15,2022,1
9,1.0,1700.0,13,1,11,15,2022,1
20,0.2,157.0,5,59,11,15,2022,1
21,0.265282,154.0,3,7,11,15,2022,0
18,1.0,157.0,14,59,11,15,2022,0
19,0.16,28.0,0,17,11,15,2022,0
7,0.265282,256.0,5,59,11,15,2022,0
2,0.08,157.0,14,30,11,15,2022,0
24,0.1,164.0,4,59,11,15,2022,0
7,0.25,11.0,3,7,11,15,2022,2
7,1.0,157.0,0,59,11,15,2022,2
9,0.265282,441.0,13,52,11,15,2022,2
23,0.19,381.0,0,59,11,15,2022,2
18,0.12,174.0,3,59,11,15,2022,2
19,0.11,382.0,13,59,11,15,2022,2
2,0.265282,12600.0,13,9,11,15,2022,2
17,0.265282,187.0,4,51,11,15,2022,2
19,0.3,68.0,13,1,11,15,2022,2
12,0.05,28.0,13,59,11,14,2022,2
12,0.265282,791.0,13,59,11,14,2022,2
8,0.2,200.0,12,59,11,14,2022,2
21,0.85,405.0,4,59,11,14,2022,1
24,0.15,90.0,12,14,11,14,2022,1
26,0.13,240.0,5,59,11,14,2022,1
12,0.265282,347.0,13,59,11,14,2022,1
12,0.22,409.0,13,59,11,14,2022,0
17,0.265282,212.0,13,59,11,14,2022,0
18,0.08,100.0,0,59,11,14,2022,0
3,0.265282,6.0,1,36,11,14,2022,0
27,0.265282,12.0,0,36,11,14,2022,0
9,0.265282,157.0,0,23,11,14,2022,2
12,0.57,624.0,13,59,11,14,2022,2
21,0.3,597.0,5,59,11,11,2022,1
15,0.08,593.0,5,59,11,11,2022,0
7,0.265282,2.0,1,8,11,11,2022,0
17,0.265282,157.0,14,59,11,11,2022,2
21,0.07,355.0,13,59,11,11,2022,2
27,0.12,1300.0,13,23,11,10,2022,2
2,0.3,1500.0,0,59,11,10,2022,2
7,0.06,665.0,13,59,11,10,2022,1
4,0.27,119.0,5,59,11,10,2022,0
3,0.265282,549.0,13,59,11,10,2022,0
19,0.1,326.0,13,59,11,10,2022,0
17,0.265282,18.0,0,59,11,10,2022,0
3,0.48,11.0,2,59,11,10,2022,0
25,0.25,157.0,0,59,11,10,2022,2
5,0.265282,81.0,3,59,11,10,2022,2
15,0.1,200.0,4,59,11,10,2022,2
9,0.265282,13.0,1,1,11,10,2022,2
10,1.0,157.0,0,59,11,10,2022,2
19,0.265282,277.0,4,59,11,10,2022,2
2,0.13,26000.0,13,59,11,9,2022,2
21,0.13,320.0,13,59,11,9,2022,2
21,0.4,310.0,4,59,11,9,2022,2
28,0.22,686.0,12,59,11,9,2022,1
7,0.2,527.0,13,59,11,9,2022,1
17,0.15,6.0,14,59,11,9,2022,1
2,0.265282,165.0,0,59,11,9,2022,1
12,0.1,20.0,2,22,11,9,2022,0
2,0.07,244.0,14,59,11,9,2022,0
7,0.265282,475.0,4,22,11,9,2022,0
17,0.15,69.0,4,59,11,9,2022,0
17,0.265282,72.0,14,59,11,9,2022,2
4,0.12,78.0,12,28,11,9,2022,2
5,0.265282,458.0,13,59,11,9,2022,0
12,1.0,81.0,3,59,11,9,2022,2
19,0.1,44.0,13,59,11,9,2022,2
18,0.265282,2100.0,13,52,11,9,2022,2
19,0.265282,476.0,13,59,11,8,2022,1
12,0.5,257.0,3,59,11,8,2022,0
0,0.16,300.0,13,59,11,8,2022,2
27,0.265282,6.0,3,19,11,8,2022,2
12,0.1,731.0,13,59,11,8,2022,2
19,0.11,157.0,14,59,11,8,2022,2
24,0.01,65.0,13,59,11,7,2022,2
5,0.1,838.0,9,22,11,7,2022,2
26,0.05,85.0,14,59,11,7,2022,2
7,0.12,280.0,12,5,11,7,2022,1
25,0.15,137.0,0,59,11,7,2022,2
4,0.25,223.0,7,59,11,7,2022,2
25,0.05,30.0,13,59,11,6,2022,1
5,0.265282,148.0,5,41,11,6,2022,0
5,0.265282,14.0,0,22,11,6,2022,2
2,0.5,12900.0,13,59,11,4,2022,2
23,0.265282,1500.0,0,22,11,4,2022,2
19,1.0,5.0,14,17,11,4,2022,1
7,0.08,180.0,0,23,11,4,2022,0
3,0.22,60.0,0,59,11,4,2022,0
23,0.14,380.0,2,59,11,4,2022,2
3,0.1,260.0,4,59,11,4,2022,2
7,0.14,2300.0,9,59,11,3,2022,2
27,0.13,4900.0,13,59,11,3,2022,2
7,0.265282,157.0,13,59,11,3,2022,1
7,0.15,428.0,4,59,11,3,2022,1
9,0.265282,8300.0,13,17,11,3,2022,1
15,0.2,154.0,6,59,11,3,2022,0
7,0.01,1500.0,13,59,11,3,2022,2
21,0.265282,1300.0,0,59,11,3,2022,2
17,0.1,16.0,13,59,11,3,2022,2
9,0.265282,150.0,4,59,11,3,2022,2
12,0.82,445.0,13,59,11,3,2022,2
21,0.15,253.0,5,59,11,3,2022,2
5,0.265282,50.0,3,59,11,3,2022,0
21,0.18,1900.0,13,59,11,2,2022,2
7,0.12,2300.0,8,59,11,2,2022,1
7,0.1,468.0,9,59,11,2,2022,1
3,0.22,607.0,5,59,11,2,2022,1
25,0.1,92.0,4,25,11,2,2022,1
7,0.15,188.0,0,17,11,2,2022,1
9,0.5,103.0,4,59,11,2,2022,0
3,0.13,157.0,0,59,11,2,2022,0
3,0.3,0.0,1,47,11,2,2022,2
25,0.265282,8.0,14,37,11,2,2022,2
27,0.265282,3600.0,0,59,11,1,2022,2
28,0.265282,157.0,14,59,11,1,2022,1
19,0.265282,157.0,13,59,11,1,2022,1
7,0.07,144.0,13,59,11,1,2022,1
22,0.33,148.0,4,59,11,1,2022,1
9,0.18,377.0,0,52,11,1,2022,0
9,0.18,477.0,0,37,11,1,2022,0
9,0.06,479.0,0,37,11,1,2022,0
17,0.05,300.0,4,7,11,1,2022,0
17,0.265282,56.0,3,7,11,1,2022,0
2,0.265282,157.0,0,5,11,1,2022,0
12,0.2,212.0,4,59,11,1,2022,2
26,0.265282,28.0,3,59,11,1,2022,0
12,0.1,568.0,5,52,10,31,2022,2
14,0.265282,213.0,5,59,10,31,2022,0
7,0.27,11.0,3,59,10,31,2022,0
7,0.2,85.0,3,59,10,31,2022,0
23,0.265282,17.0,2,22,10,31,2022,0
5,0.3,49.0,3,22,10,31,2022,2
23,0.265282,108.0,13,59,10,28,2022,1
9,1.0,35.0,3,59,10,28,2022,1
12,0.21,157.0,0,59,10,28,2022,0
9,0.35,11.0,4,17,10,28,2022,2
1,0.43,163.0,3,7,10,27,2022,1
7,0.17,277.0,3,59,10,27,2022,1
10,0.265282,328.0,7,59,10,27,2022,0
18,1.0,157.0,1,22,10,27,2022,2
23,0.265282,157.0,0,59,10,27,2022,2
11,0.08,157.0,13,59,10,26,2022,2
8,0.15,114.0,13,59,10,26,2022,2
21,0.05,97.0,13,59,10,26,2022,2
25,0.17,750.0,7,59,10,26,2022,1
27,0.265282,3600.0,0,59,10,26,2022,1
7,0.12,157.0,2,59,10,26,2022,1
11,0.265282,683.0,6,59,10,26,2022,2
7,0.42,553.0,5,59,10,25,2022,1
7,0.12,142.0,4,59,10,25,2022,0
10,0.5,15.0,1,25,10,25,2022,0
18,0.35,157.0,5,59,10,25,2022,2
15,0.265282,1100.0,6,59,10,25,2022,2
12,0.05,157.0,13,34,10,24,2022,2
12,0.2,462.0,4,59,10,24,2022,2
25,0.14,849.0,7,59,10,24,2022,1
21,0.265282,214.0,0,17,10,24,2022,1
19,0.04,336.0,5,5,10,24,2022,0
12,0.16,86.0,0,25,10,23,2022,0
12,0.38,36.0,0,25,10,23,2022,0
24,0.1,138.0,12,59,10,21,2022,1
25,0.01,157.0,13,59,10,21,2022,1
7,0.33,30.0,0,17,10,21,2022,0
12,0.3,4.0,2,22,10,21,2022,0
27,0.54,575.0,13,59,10,21,2022,2
17,0.12,127.0,4,5,10,20,2022,1
21,0.46,151.0,4,59,10,20,2022,0
20,0.11,203.0,4,59,10,20,2022,0
24,0.265282,5.0,12,59,10,20,2022,0
27,0.265282,629.0,13,58,10,20,2022,2
21,0.2,365.0,6,59,10,20,2022,2
19,0.5,260.0,13,59,10,20,2022,1
9,0.265282,3400.0,9,59,10,19,2022,2
7,0.3,177.0,3,59,10,19,2022,0
25,0.12,88.0,3,58,10,19,2022,0
21,0.265282,13.0,3,59,10,19,2022,2
4,0.265282,596.0,8,4,10,19,2022,2
21,0.265282,313.0,0,59,10,19,2022,2
23,0.07,1700.0,8,59,10,18,2022,1
23,0.21,71.0,13,59,10,18,2022,0
12,0.265282,189.0,3,17,10,17,2022,0
17,0.05,157.0,0,0,10,17,2022,0
19,0.265282,1.0,13,59,10,17,2022,2
3,1.0,42.0,3,17,10,17,2022,2
18,0.21,235.0,0,59,10,16,2022,0
11,0.265282,157.0,0,9,10,16,2022,2
21,0.27,157.0,0,59,10,14,2022,2
9,0.19,122.0,13,59,10,14,2022,2
7,1.0,9.0,0,58,10,14,2022,2
5,1.0,157.0,1,22,10,14,2022,2
24,0.265282,65.0,13,59,10,13,2022,1
2,1.0,10.0,14,59,10,13,2022,0
25,0.265282,61.0,4,59,10,13,2022,2
5,0.05,5500.0,12,22,10,12,2022,2
24,0.1,426.0,6,59,10,12,2022,1
19,0.265282,1500.0,13,52,10,12,2022,1
5,0.75,17.0,2,22,10,12,2022,0
12,0.1,657.0,7,59,10,11,2022,2
7,0.265282,450.0,4,59,10,11,2022,0
7,0.11,1500.0,5,59,10,11,2022,1
21,0.3,217.0,4,59,10,11,2022,1
19,0.265282,20.0,2,34,10,11,2022,0
5,0.13,235.0,0,59,10,11,2022,0
17,0.35,2.0,1,12,10,11,2022,0
6,0.265282,16.0,2,58,10,11,2022,2
3,0.265282,157.0,0,20,10,11,2022,2
10,0.265282,157.0,1,59,10,11,2022,0
9,0.265282,367.0,13,59,10,10,2022,2
17,0.11,1100.0,13,59,10,10,2022,1
13,0.96,103.0,5,59,10,10,2022,1
12,0.2,315.0,4,59,10,10,2022,0
13,0.33,58.0,0,59,10,10,2022,2
23,1.0,157.0,14,59,10,9,2022,2
12,0.04,585.0,13,59,10,7,2022,1
4,0.265282,30.0,5,59,10,7,2022,1
3,0.3,156.0,0,48,10,6,2022,2
8,0.12,1900.0,13,59,10,6,2022,2
21,0.265282,347.0,4,59,10,6,2022,1
5,0.05,157.0,14,59,10,6,2022,0
9,0.06,1900.0,9,59,10,6,2022,0
7,0.265282,645.0,0,48,10,6,2022,2
7,0.265282,29.0,3,35,10,6,2022,2
7,0.4,58.0,3,59,10,6,2022,2
18,0.265282,2100.0,13,52,10,6,2022,2
22,0.25,29.0,4,59,10,5,2022,0
12,0.5,73.0,3,59,10,5,2022,2
26,0.09,253.0,13,59,10,4,2022,1
27,0.16,105.0,3,1,10,4,2022,0
21,0.13,35.0,3,59,10,4,2022,0
4,0.05,157.0,5,59,10,4,2022,2
7,0.05,534.0,5,23,10,4,2022,2
17,0.15,360.0,4,59,10,3,2022,2
8,0.265282,298.0,4,59,10,3,2022,0
3,0.4,157.0,14,22,10,2,2022,0
27,0.1,8.0,14,59,9,30,2022,1
27,0.1,607.0,6,31,9,30,2022,2
9,1.0,157.0,0,59,9,30,2022,0
12,0.265282,255.0,5,59,9,30,2022,2
23,0.265282,237.0,13,17,9,29,2022,1
13,0.2,173.0,5,59,9,29,2022,0
7,0.1,385.0,0,17,9,29,2022,2
10,0.265282,107.0,5,17,9,29,2022,2
24,0.09,536.0,13,59,9,28,2022,2
26,0.265282,203.0,5,59,9,28,2022,2
27,0.1,575.0,13,59,9,28,2022,2
21,0.12,180.0,3,59,9,27,2022,0
4,0.265282,692.0,0,58,9,27,2022,2
9,0.265282,2900.0,0,59,9,24,2022,2
7,0.265282,706.0,6,59,9,23,2022,1
7,0.15,150.0,3,17,9,23,2022,0
9,0.035,166.0,4,59,9,23,2022,0
25,0.05,474.0,5,7,9,23,2022,0
19,1.0,6.0,1,59,9,23,2022,2
3,0.33,1400.0,12,59,9,22,2022,1
7,0.265282,3700.0,0,52,9,22,2022,1
23,0.35,136.0,5,58,9,22,2022,2
0,1.0,1.0,0,59,9,21,2022,1
10,0.265282,5.0,1,59,9,21,2022,2
21,0.265282,1600.0,13,59,9,20,2022,2
12,0.265282,8.0,1,59,9,20,2022,1
26,0.16,190.0,4,7,9,20,2022,1
27,0.02,244.0,14,5,9,20,2022,1
27,0.1,282.0,13,59,9,20,2022,2
23,0.04,62.0,14,59,9,20,2022,2
27,0.265282,5000.0,11,22,9,19,2022,1
12,0.43,75.0,3,59,9,19,2022,0
17,0.02,456.0,7,59,9,19,2022,2
9,0.265282,157.0,0,23,9,18,2022,2
7,0.2,140.0,4,22,9,16,2022,1
7,0.1,271.0,6,59,9,16,2022,0
26,0.11,42.0,13,59,9,15,2022,1
18,0.15,126.0,13,52,9,15,2022,0
10,0.2,67.0,4,59,9,15,2022,0
12,0.265282,90.0,3,59,9,15,2022,2
17,0.07,108.0,0,59,9,15,2022,2
19,0.11,614.0,13,59,9,14,2022,2
17,0.3,137.0,3,17,9,14,2022,0
19,0.05,604.0,5,17,9,14,2022,0
18,0.265282,121900.0,13,59,9,14,2022,0
13,0.14,83.0,4,21,9,14,2022,2
12,0.75,445.0,13,59,9,13,2022,1
7,0.05,1800.0,5,58,9,13,2022,1
17,0.06,445.0,13,59,9,13,2022,1
18,0.17,413.0,7,59,9,13,2022,1
17,0.12,197.0,0,59,9,13,2022,2
21,1.0,33.0,2,61,9,13,2022,2
27,0.265282,28.0,14,5,9,12,2022,0
4,0.265282,81.0,5,59,9,12,2022,0
10,0.28,17.0,2,25,9,12,2022,0
19,0.23,91.0,3,59,9,12,2022,2
23,0.24,526.0,13,59,9,12,2022,2
4,0.265282,84.0,3,59,9,12,2022,2
9,0.265282,6.0,14,7,9,9,2022,2
6,0.265282,145.0,4,1,9,9,2022,0
18,0.265282,413.0,7,59,9,9,2022,0
3,0.1,328.0,3,20,9,9,2022,2
7,0.265282,33.0,2,13,9,9,2022,2
7,1.0,125.0,5,59,9,9,2022,2
5,0.265282,175.0,14,59,9,9,2022,2
23,0.15,45.0,0,59,9,9,2022,2
5,1.0,20.0,4,22,9,9,2022,2
5,0.265282,686.0,5,2,9,8,2022,1
23,0.08,120.0,0,54,9,8,2022,0
12,0.265282,120.0,4,59,9,8,2022,0
4,0.07,200.0,13,59,9,8,2022,2
21,0.265282,157.0,14,59,9,8,2022,2
9,1.0,173.0,0,12,9,7,2022,1
9,0.265282,749.0,14,48,9,7,2022,0
27,0.265282,24700.0,13,29,9,7,2022,0
7,0.265282,172.0,0,22,9,7,2022,0
26,0.05,240.0,5,59,9,7,2022,0
20,0.05,469.0,7,59,9,7,2022,0
24,0.03,143.0,9,59,9,7,2022,0
4,0.265282,264.0,4,25,9,7,2022,2
12,0.5,100.0,4,59,9,7,2022,2
19,0.265282,100.0,5,25,9,7,2022,2
12,0.33,42.0,3,59,9,6,2022,0
14,0.33,41.0,4,25,9,6,2022,0
21,0.14,108.0,4,59,9,6,2022,2
18,0.25,163.0,0,59,9,6,2022,2
7,0.05,91.0,3,36,9,2,2022,0
23,0.265282,16.0,3,36,9,2,2022,2
2,0.265282,8600.0,13,48,9,2,2022,2
3,0.15,250.0,0,5,9,1,2022,1
12,0.08,379.0,6,59,9,1,2022,1
23,0.265282,122.0,13,7,9,1,2022,0
8,0.15,95.0,0,17,9,1,2022,0
7,0.265282,67.0,3,52,9,1,2022,0
2,0.2,4900.0,13,59,8,31,2022,2
12,0.16,910.0,13,59,8,31,2022,1
7,0.1,188.0,0,17,8,31,2022,1
7,0.1,1300.0,13,59,8,31,2022,0
24,0.265282,496.0,7,59,8,31,2022,0
2,0.265282,44.0,3,22,8,31,2022,0
12,0.2,173.0,13,59,8,31,2022,0
21,0.1,169.0,5,59,8,31,2022,0
23,0.36,157.0,0,17,8,31,2022,0
10,0.265282,221.0,0,59,8,31,2022,2
21,1.0,117.0,4,59,8,31,2022,2
19,0.265282,157.0,0,18,8,31,2022,2
19,0.265282,212.0,5,59,8,30,2022,1
25,0.1,123.0,4,58,8,30,2022,0
23,0.265282,47.0,2,59,8,30,2022,0
23,0.265282,1100.0,7,22,8,29,2022,2
12,0.3,44.0,3,59,8,29,2022,1
3,0.265282,310.0,4,59,8,29,2022,2
2,0.265282,287.0,13,59,8,29,2022,2
27,0.265282,231.0,13,25,8,28,2022,2
19,0.265282,974.0,14,59,8,26,2022,1
25,0.265282,1200.0,13,59,8,26,2022,0
7,0.07,78.0,3,59,8,26,2022,0
21,0.265282,905.0,0,59,8,26,2022,2
9,0.265282,280.0,14,59,8,25,2022,0
23,0.1,157.0,14,5,8,25,2022,0
17,0.1,361.0,12,59,8,25,2022,2
15,0.07,330.0,6,59,8,25,2022,2
21,1.0,117.0,3,59,8,24,2022,1
7,0.2,24.0,2,59,8,24,2022,0
9,0.265282,157.0,0,59,8,24,2022,2
27,0.16,646.0,5,17,8,23,2022,1
23,0.2,472.0,0,59,8,23,2022,1
19,0.08,91.0,4,7,8,23,2022,0
10,0.08,114.0,4,59,8,23,2022,0
10,0.5,3.0,1,59,8,23,2022,0
4,0.26,1000.0,8,59,8,23,2022,2
23,0.265282,157.0,13,1,8,23,2022,2
5,0.265282,136.0,0,59,8,23,2022,2
9,0.17,73.0,2,59,8,22,2022,2
23,1.0,56.0,0,22,8,22,2022,2
25,0.14,1.0,1,25,8,21,2022,1
25,0.1,21.0,14,59,8,21,2022,0
17,0.03,187.0,5,59,8,20,2022,0
23,0.05,1700.0,13,59,8,19,2022,2
7,0.265282,2300.0,9,59,8,19,2022,0
3,0.8,157.0,0,48,8,19,2022,0
13,0.05,214.0,13,59,8,18,2022,1
12,0.17,215.0,4,59,8,18,2022,0
7,0.265282,704.0,5,59,8,18,2022,2
12,0.1,209.0,4,59,8,18,2022,2
17,0.05,178.0,5,7,8,18,2022,2
25,0.14,80.0,3,59,8,17,2022,1
19,0.82,157.0,1,5,8,17,2022,1
3,0.21,157.0,0,1,8,17,2022,0
19,0.265282,74.0,4,59,8,17,2022,0
3,0.2,157.0,2,59,8,17,2022,0
7,0.265282,104.0,4,5,8,17,2022,0
12,0.14,293.0,5,7,8,16,2022,1
4,0.09,205.0,5,25,8,16,2022,0
10,0.15,11.0,2,59,8,16,2022,0
3,0.265282,156.0,0,48,8,16,2022,2
5,1.0,77.0,14,59,8,16,2022,2
21,0.1,253.0,5,59,8,16,2022,2
19,0.265282,467.0,0,59,8,16,2022,2
12,0.13,791.0,13,59,8,15,2022,2
7,0.12,665.0,13,59,8,15,2022,1
12,0.37,380.0,13,59,8,15,2022,0
23,0.15,305.0,13,59,8,15,2022,2
21,0.265282,15.0,2,25,8,14,2022,0
19,0.265282,45.0,2,59,8,13,2022,2
8,0.13,1900.0,13,59,8,12,2022,2
3,0.1,169.0,13,59,8,12,2022,2
19,0.265282,20.0,2,59,8,12,2022,2
12,0.33,255.0,5,59,8,11,2022,1
12,0.2,218.0,4,59,8,11,2022,1
15,0.08,201.0,5,59,8,11,2022,0
23,0.09,42.0,2,28,8,11,2022,0
12,0.265282,204.0,4,8,8,11,2022,0
22,0.265282,26.0,4,1,8,11,2022,0
7,0.02,24.0,13,59,8,11,2022,2
5,0.1,40.0,3,5,8,10,2022,0
17,0.12,105.0,4,58,8,10,2022,0
21,0.2,160.0,3,59,8,10,2022,2
17,1.0,238.0,4,58,8,10,2022,2
12,0.2,301.0,5,59,8,10,2022,2
12,0.2,75.0,13,59,8,9,2022,2
17,0.3,300.0,4,7,8,9,2022,2
13,0.04,1100.0,13,59,8,9,2022,2
12,0.25,533.0,13,59,8,9,2022,1
17,0.265282,58.0,13,25,8,9,2022,1
23,0.03,338.0,6,5,8,9,2022,0
7,0.265282,504.0,5,59,8,9,2022,0
2,0.17,165.0,0,1,8,9,2022,0
23,0.3,114.0,4,59,8,9,2022,0
12,0.265282,237.0,13,59,8,9,2022,0
24,0.265282,102.0,3,7,8,9,2022,0
12,0.12,272.0,13,59,8,9,2022,2
7,0.15,814.0,0,59,8,9,2022,2
9,1.0,7.0,1,59,8,9,2022,2
18,0.1,166.0,13,59,8,9,2022,2
27,0.265282,504.0,13,59,8,9,2022,2
9,0.265282,478.0,13,59,8,9,2022,2
23,0.15,1400.0,13,59,8,8,2022,2
15,0.15,507.0,7,5,8,8,2022,2
27,0.265282,1300.0,13,59,8,8,2022,2
2,0.265282,535.0,13,59,8,8,2022,0
4,0.265282,188.0,5,59,8,8,2022,0
17,0.05,76.0,13,25,8,8,2022,0
9,0.15,120.0,5,59,8,8,2022,2
4,0.265282,1000.0,8,59,8,8,2022,2
2,0.1,30.0,14,59,8,5,2022,1
23,0.1,28.0,3,7,8,5,2022,0
17,0.17,42.0,2,7,8,5,2022,0
15,0.265282,76.0,3,59,8,5,2022,2
26,0.265282,497.0,5,59,8,5,2022,2
7,0.13,679.0,13,59,8,4,2022,2
23,0.17,157.0,3,7,8,4,2022,1
2,0.17,652.0,0,59,8,4,2022,1
12,0.08,242.0,13,59,8,4,2022,1
5,0.04,166.0,6,22,8,4,2022,1
26,0.265282,85.0,14,59,8,4,2022,1
5,0.33,20.0,2,59,8,4,2022,0
1,0.12,163.0,3,7,8,4,2022,0
26,0.265282,44.0,13,59,8,4,2022,0
12,0.16,100.0,4,59,8,4,2022,2
7,0.2,290.0,3,5,8,4,2022,2
2,0.265282,59.0,14,59,8,4,2022,2
19,0.1,157.0,14,59,8,4,2022,2
5,0.3,20.0,3,23,8,4,2022,2
12,0.265282,244.0,4,59,8,3,2022,1
17,0.2,39.0,2,7,8,3,2022,0
9,0.265282,122.0,13,59,8,3,2022,0
10,0.265282,39.0,3,59,8,3,2022,0
27,0.265282,497.0,6,22,8,3,2022,2
13,0.15,189.0,14,59,8,3,2022,2
2,0.2,542.0,0,17,8,3,2022,2
17,0.15,9.0,12,30,8,3,2022,2
7,0.23,5600.0,13,59,8,2,2022,2
25,0.37,342.0,13,59,8,2,2022,1
5,0.265282,292.0,6,22,8,2,2022,1
15,0.265282,107.0,0,59,8,2,2022,1
20,0.25,175.0,4,59,8,2,2022,1
24,0.05,489.0,8,59,8,2,2022,0
15,0.2,26.0,3,28,8,2,2022,0
10,0.265282,71.0,14,59,8,2,2022,0
20,0.3,75.0,3,59,8,2,2022,0
23,0.08,266.0,6,59,8,2,2022,0
12,0.1,530.0,13,59,8,2,2022,2
18,0.265282,151.0,13,59,8,2,2022,2
7,0.5,58.0,4,5,8,1,2022,0
5,0.265282,1.0,1,59,8,1,2022,2
9,0.265282,194.0,5,22,8,1,2022,2
18,0.265282,157.0,0,58,8,1,2022,2
19,0.265282,157.0,13,59,8,1,2022,2
27,1.0,20.0,2,59,8,1,2022,2
19,0.265282,10.0,2,37,8,1,2022,2
17,1.0,18.0,3,1,7,31,2022,1
10,0.32,15.0,1,25,7,31,2022,0
17,0.5,157.0,0,59,7,31,2022,2
27,0.265282,5000.0,11,22,7,29,2022,2
7,0.25,681.0,4,7,7,29,2022,1
9,0.265282,229.0,5,59,7,29,2022,0
9,0.265282,58.0,3,59,7,29,2022,0
17,0.06,65.0,4,59,7,29,2022,0
28,0.265282,11.0,0,7,7,29,2022,0
3,0.265282,11.0,0,47,7,29,2022,2
9,0.265282,1700.0,13,9,7,29,2022,2
21,1.0,6.0,0,1,7,29,2022,2
21,0.265282,405.0,4,59,7,28,2022,1
5,0.33,51.0,3,59,7,28,2022,0
7,0.2,510.0,14,59,7,28,2022,0
7,0.265282,130.0,13,35,7,28,2022,0
23,0.265282,202.0,13,59,7,28,2022,0
2,0.265282,1.0,1,7,7,28,2022,0
5,0.2,426.0,13,59,7,28,2022,2
23,0.265282,12.0,2,22,7,28,2022,2
24,0.265282,12.0,2,59,7,28,2022,2
19,0.19,72.0,5,59,7,28,2022,2
18,0.265282,17.0,14,59,7,28,2022,2
6,0.2,491.0,0,59,7,28,2022,2
27,0.06,10700.0,13,59,7,27,2022,2
18,0.02,307.0,7,59,7,27,2022,0
3,0.24,98.0,0,7,7,27,2022,0
17,0.04,60.0,6,25,7,27,2022,0
23,0.1,122.0,13,7,7,26,2022,2
21,0.265282,214.0,0,17,7,26,2022,1
19,0.08,111.0,13,25,7,26,2022,0
7,0.17,41.0,3,1,7,26,2022,0
17,0.03,394.0,13,59,7,26,2022,0
22,0.3,22.0,2,59,7,26,2022,0
3,0.06,279.0,4,1,7,26,2022,0
19,0.265282,974.0,14,59,7,25,2022,1
12,0.09,409.0,13,59,7,25,2022,0
12,0.06,272.0,6,59,7,25,2022,2
26,1.0,18.0,14,25,7,24,2022,1
12,0.2,69.0,4,59,7,22,2022,0
10,0.265282,58.0,3,59,7,22,2022,0
7,0.22,15.0,2,5,7,22,2022,0
12,0.05,328.0,5,59,7,22,2022,0
25,0.265282,157.0,0,59,7,22,2022,2
23,0.05,137.0,3,59,7,22,2022,2
12,0.265282,178.0,13,59,7,22,2022,2
24,0.265282,200.0,5,59,7,22,2022,2
20,0.265282,62.0,14,59,7,22,2022,2
3,0.25,490.0,5,58,7,21,2022,1
18,0.35,157.0,5,59,7,21,2022,1
25,0.22,157.0,13,59,7,21,2022,1
8,0.15,404.0,7,59,7,21,2022,1
27,0.1,329.0,5,59,7,21,2022,0
9,0.33,72.0,3,59,7,21,2022,0
12,0.05,42.0,3,59,7,21,2022,0
12,0.1,247.0,6,59,7,21,2022,2
26,0.265282,45.0,3,59,7,21,2022,2
20,0.5,356.0,7,59,7,21,2022,2
20,0.265282,192.0,4,59,7,21,2022,2
19,0.265282,157.0,12,59,7,21,2022,2
9,0.265282,2800.0,13,34,7,20,2022,2
21,0.2,310.0,4,59,7,20,2022,1
7,0.265282,992.0,6,59,7,20,2022,1
19,0.265282,48.0,4,59,7,20,2022,0
27,0.02,4900.0,13,59,7,20,2022,0
24,0.16,125.0,4,7,7,20,2022,0
19,0.2,51.0,0,25,7,20,2022,0
18,0.265282,159.0,5,59,7,20,2022,0
24,0.09,58.0,3,7,7,20,2022,0
10,0.265282,1.0,1,59,7,20,2022,0
12,0.265282,2000.0,13,59,7,19,2022,2
12,0.31,856.0,9,59,7,19,2022,2
7,0.265282,323.0,6,59,7,19,2022,0
23,0.265282,766.0,0,17,7,19,2022,0
10,0.2,157.0,0,58,7,19,2022,0
12,0.13,570.0,5,59,7,19,2022,2
12,0.265282,200.0,4,59,7,18,2022,1
3,0.07,423.0,0,59,7,18,2022,0
17,0.1,245.0,3,59,7,18,2022,0
12,0.265282,323.0,3,59,7,18,2022,2
9,0.25,107.0,14,59,7,18,2022,2
8,0.35,269.0,5,59,7,18,2022,2
2,0.265282,157.0,14,59,7,18,2022,2
2,0.06,450.0,13,59,7,18,2022,2
7,0.5,31.0,2,22,7,15,2022,1
15,0.05,817.0,0,59,7,15,2022,0
23,0.2,265.0,0,59,7,15,2022,0
17,0.265282,27.0,2,59,7,15,2022,0
2,0.17,40.0,4,59,7,15,2022,2
7,0.17,202.0,4,58,7,14,2022,1
10,0.15,115.0,4,59,7,14,2022,0
3,0.25,7.0,3,59,7,14,2022,0
21,0.07,240.0,6,59,7,14,2022,0
12,0.265282,560.0,6,59,7,14,2022,2
1,0.265282,45.0,3,17,7,14,2022,2
3,0.2,427.0,4,59,7,14,2022,2
7,0.15,292.0,2,46,7,13,2022,2
8,0.35,450.0,6,59,7,13,2022,2
15,0.4,336.0,4,59,7,13,2022,1
20,0.3,89.0,3,17,7,13,2022,1
9,0.2,64.0,4,59,7,13,2022,1
23,0.18,23.0,0,5,7,13,2022,0
2,0.265282,120.0,4,59,7,13,2022,0
27,0.265282,2100.0,5,59,7,13,2022,0
27,0.3,629.0,13,58,7,13,2022,2
7,0.265282,53.0,4,59,7,13,2022,2
19,0.15,241.0,5,59,7,13,2022,2
9,0.1,3400.0,9,59,7,12,2022,2
9,0.265282,63.0,3,22,7,12,2022,1
12,0.265282,1100.0,13,58,7,12,2022,1
17,0.12,153.0,3,59,7,12,2022,0
15,1.0,109.0,3,38,7,12,2022,2
19,0.265282,1.0,13,59,7,12,2022,2
23,0.265282,61.0,0,59,7,12,2022,2
19,0.29,1000.0,5,58,7,11,2022,1
12,0.265282,174.0,4,5,7,11,2022,0
17,0.13,74.0,5,59,7,11,2022,0
9,0.265282,640.0,6,59,7,11,2022,2
12,0.05,225.0,5,59,7,11,2022,2
3,0.5,9.0,2,59,7,11,2022,2
9,0.265282,150.0,4,59,7,9,2022,2
19,0.265282,184.0,4,9,7,8,2022,2
9,1.0,50.0,3,59,7,8,2022,2
12,0.24,127.0,3,59,7,8,2022,1
17,0.03,108.0,0,59,7,8,2022,2
27,0.05,3600.0,0,59,7,7,2022,1
7,0.17,881.0,6,59,7,7,2022,1
17,0.265282,20.0,0,59,7,7,2022,0
17,0.18,78.0,3,59,7,7,2022,0
12,0.24,351.0,5,59,7,7,2022,2
2,0.265282,5700.0,13,59,7,7,2022,2
10,0.09,496.0,4,59,7,6,2022,1
23,0.265282,122.0,13,7,7,6,2022,0
4,0.27,64.0,4,59,7,6,2022,0
4,0.18,77.0,3,59,7,6,2022,0
9,0.265282,344.0,3,59,7,6,2022,2
21,0.12,788.0,0,5,7,5,2022,2
17,0.3,194.0,6,59,7,5,2022,1
7,0.06,322.0,0,25,7,5,2022,1
4,0.1,569.0,6,59,7,5,2022,1
5,0.18,240.0,5,59,7,5,2022,0
3,0.08,300.0,0,20,7,5,2022,0
25,0.07,583.0,2,59,7,5,2022,0
7,0.33,28.0,2,59,7,5,2022,0
23,0.08,71.0,4,25,7,5,2022,0
2,0.12,335.0,5,25,7,4,2022,1
2,0.265282,0.0,14,58,7,4,2022,0
15,0.12,69.0,4,1,7,4,2022,0
19,0.15,90.0,2,17,7,4,2022,0
2,0.265282,26.0,4,1,7,4,2022,2
9,0.265282,1300.0,4,17,7,3,2022,2
3,0.25,864.0,3,59,7,3,2022,1
12,0.265282,263.0,5,59,7,2,2022,2
12,0.265282,2.0,1,1,7,2,2022,2
7,0.1,25.0,2,1,7,2,2022,2
28,1.0,26.0,3,59,7,1,2022,1
27,0.06,300.0,13,59,7,1,2022,0
12,0.265282,157.0,0,59,7,1,2022,0
13,0.06,169.0,4,59,7,1,2022,0
26,0.265282,38.0,2,59,7,1,2022,2
23,0.18,310.0,13,59,6,30,2022,2
5,1.0,3.0,1,22,6,30,2022,1
7,0.08,480.0,0,59,6,30,2022,0
23,0.2,47.0,2,59,6,30,2022,0
25,0.265282,849.0,7,59,6,30,2022,0
20,0.12,58.0,3,59,6,30,2022,0
7,0.1,22.0,2,17,6,30,2022,0
3,0.05,106.0,4,59,6,30,2022,0
14,1.0,5.0,1,59,6,30,2022,2
7,0.265282,7.0,2,59,6,30,2022,2
21,0.15,135.0,4,59,6,30,2022,2
5,0.265282,112.0,14,22,6,29,2022,2
19,0.04,1300.0,13,59,6,29,2022,1
2,0.08,770.0,5,59,6,29,2022,1
28,0.265282,811.0,0,59,6,29,2022,1
4,0.19,347.0,6,59,6,29,2022,1
27,0.22,153.0,3,7,6,29,2022,1
13,0.265282,8.0,0,59,6,29,2022,0
27,0.2,13.0,0,22,6,29,2022,0
19,0.3,25.0,3,17,6,29,2022,0
27,0.25,13.0,2,59,6,29,2022,0
18,0.14,82.0,3,59,6,29,2022,0
23,0.265282,157.0,0,59,6,29,2022,2
5,0.15,411.0,5,59,6,29,2022,2
21,0.19,743.0,5,59,6,29,2022,2
23,0.265282,72.0,4,59,6,29,2022,2
7,1.0,90.0,6,1,6,29,2022,2
3,0.3,2.0,0,9,6,28,2022,2
5,0.265282,11.0,14,22,6,28,2022,2
23,0.08,690.0,6,59,6,28,2022,1
12,0.4,163.0,4,59,6,28,2022,1
12,0.1,71.0,5,57,6,28,2022,0
4,0.08,250.0,0,25,6,28,2022,0
12,0.5,20.0,3,1,6,28,2022,0
23,0.265282,23.0,2,1,6,28,2022,2
12,0.3,41.0,3,22,6,28,2022,2
23,0.1,55.0,2,48,6,28,2022,2
17,0.12,1600.0,13,59,6,27,2022,2
4,0.05,2000.0,13,59,6,27,2022,1
23,0.04,1500.0,0,22,6,27,2022,1
12,0.265282,999.0,13,59,6,27,2022,1
3,0.3,13.0,13,1,6,27,2022,0
4,0.25,61.0,3,59,6,27,2022,0
7,0.18,283.0,0,59,6,27,2022,2
17,0.265282,106.0,4,59,6,26,2022,0
3,0.27,546.0,4,2,6,24,2022,2
7,0.23,124.0,2,59,6,24,2022,1
7,0.14,137.0,4,59,6,24,2022,0
7,0.12,406.0,5,59,6,24,2022,0
23,0.265282,76.0,0,59,6,24,2022,2
12,0.265282,45.0,3,59,6,24,2022,2
18,0.03,121900.0,13,59,6,23,2022,2
25,0.09,500.0,7,59,6,23,2022,0
25,0.13,19.0,0,59,6,23,2022,0
7,0.07,159.0,4,59,6,23,2022,0
17,0.13,10.0,0,59,6,23,2022,0
19,0.12,10.0,2,59,6,23,2022,2
9,1.0,1.0,1,28,6,23,2022,2
19,0.265282,229.0,6,59,6,23,2022,2
21,0.1,472.0,5,59,6,23,2022,2
12,0.18,1000.0,0,59,6,23,2022,2
18,0.2,111.0,3,25,6,23,2022,2
5,0.2,461.0,6,59,6,22,2022,1
25,0.35,410.0,13,59,6,22,2022,1
21,0.265282,171.0,4,59,6,22,2022,0
26,0.265282,429.0,13,59,6,22,2022,0
27,0.07,261.0,4,59,6,22,2022,0
27,0.1,515.0,5,59,6,22,2022,0
24,0.265282,51.0,3,59,6,22,2022,0
9,0.16,134.0,4,7,6,22,2022,0
18,0.265282,157.0,0,30,6,22,2022,2
9,0.5,13.0,1,1,6,22,2022,2
7,0.2,460.0,3,5,6,21,2022,2
26,0.0,279.0,13,59,6,21,2022,0
17,0.3,40.0,0,59,6,21,2022,0
20,0.08,248.0,5,59,6,21,2022,0
9,0.03,202.0,4,10,6,21,2022,2
5,1.0,0.0,1,22,6,21,2022,2
4,0.1,109.0,4,59,6,21,2022,2
3,0.3,157.0,0,48,6,20,2022,2
12,1.0,7.0,0,59,6,20,2022,1
23,0.12,1000.0,6,48,6,20,2022,1
9,0.3,12.0,0,22,6,20,2022,1
23,0.55,27.0,2,7,6,20,2022,0
6,0.15,145.0,4,1,6,20,2022,0
18,0.2,32.0,0,59,6,20,2022,2
23,0.3,112.0,4,22,6,19,2022,1
3,0.05,30.0,3,57,6,19,2022,0
5,0.03,838.0,9,22,6,18,2022,1
2,0.265282,9400.0,0,9,6,17,2022,1
7,0.13,646.0,6,59,6,17,2022,0
25,0.2,49.0,3,59,6,17,2022,0
9,0.05,430.0,3,59,6,16,2022,0
21,0.15,178.0,5,59,6,16,2022,0
12,0.265282,1600.0,0,22,6,16,2022,0
12,0.5,50.0,2,59,6,16,2022,2
23,0.17,169.0,4,15,6,15,2022,2
7,0.13,900.0,0,7,6,15,2022,1
9,0.1,863.0,6,59,6,15,2022,1
14,0.25,213.0,5,59,6,15,2022,1
18,0.15,65.0,0,25,6,15,2022,0
19,0.23,83.0,3,59,6,15,2022,0
2,0.265282,7.0,0,12,6,15,2022,0
18,0.05,223.0,6,25,6,15,2022,0
15,0.3,20.0,2,7,6,15,2022,0
5,0.265282,93.0,3,39,6,15,2022,2
21,1.0,44.0,3,59,6,15,2022,2
3,0.18,549.0,13,59,6,14,2022,2
21,0.08,319.0,13,59,6,14,2022,2
21,0.1,1600.0,13,59,6,14,2022,2
12,0.15,36.0,0,5,6,14,2022,1
12,0.33,6.0,2,22,6,14,2022,0
10,0.265282,6.0,1,10,6,14,2022,0
3,0.1,204.0,5,59,6,14,2022,0
7,0.265282,376.0,4,10,6,14,2022,2
9,0.265282,157.0,0,48,6,14,2022,2
3,0.2,1000.0,6,59,6,13,2022,2
18,0.33,65.0,3,59,6,13,2022,0
5,0.4,50.0,3,59,6,13,2022,0
13,0.265282,152.0,4,59,6,13,2022,2
19,0.12,811.0,13,59,6,13,2022,2
3,0.05,156.0,0,48,6,10,2022,2
15,0.3,150.0,6,22,6,10,2022,2
23,0.1,1000.0,0,17,6,10,2022,1
12,0.2,11.0,0,5,6,10,2022,0
7,0.15,133.0,0,58,6,10,2022,0
7,0.08,175.0,4,59,6,10,2022,0
21,0.265282,6.0,0,59,6,10,2022,2
13,0.265282,22.0,3,59,6,10,2022,2
21,0.2,2100.0,0,9,6,10,2022,2
25,0.25,926.0,4,59,6,9,2022,2
23,0.15,79.0,13,59,6,9,2022,2
23,0.15,157.0,0,52,6,9,2022,1
15,0.07,1100.0,6,59,6,9,2022,1
13,0.4,82.0,3,59,6,9,2022,1
23,0.05,56.0,13,52,6,9,2022,0
23,1.0,5.0,14,59,6,9,2022,0
7,0.14,61.0,5,48,6,9,2022,0
5,0.05,100.0,4,59,6,9,2022,0
18,0.08,22.0,4,59,6,9,2022,2
27,0.11,197.0,3,59,6,9,2022,2
7,0.265282,1200.0,4,17,6,9,2022,2
28,0.21,839.0,13,59,6,8,2022,2
27,0.265282,1600.0,6,5,6,8,2022,1
12,0.15,255.0,5,59,6,8,2022,1
23,0.2,26.0,0,31,6,8,2022,0
2,0.4,24.0,0,52,6,8,2022,2
27,0.15,2000.0,13,58,6,7,2022,2
7,0.15,172.0,0,22,6,7,2022,1
17,0.265282,149.0,4,23,6,7,2022,1
27,0.23,783.0,13,59,6,7,2022,1
25,0.265282,275.0,0,59,6,7,2022,1
23,0.265282,11.0,0,59,6,7,2022,0
7,0.265282,42.0,2,59,6,7,2022,2
7,0.265282,35.0,3,59,6,7,2022,2
21,0.5,33.0,2,61,6,7,2022,2
7,0.265282,681.0,4,7,6,6,2022,0
19,0.07,603.0,5,59,6,6,2022,0
25,0.1,259.0,5,59,6,6,2022,2
17,0.14,152.0,4,59,6,6,2022,2
5,0.265282,1200.0,6,22,6,4,2022,0
2,0.2,157.0,0,5,6,3,2022,0
2,0.22,108.0,4,59,6,3,2022,0
9,0.15,176.0,14,59,6,3,2022,0
6,0.25,12.0,2,1,6,3,2022,2
2,0.265282,110.0,4,59,6,3,2022,2
27,0.1,20200.0,13,59,6,3,2022,2
12,0.08,522.0,5,59,6,2,2022,2
9,0.265282,31.0,2,5,6,2,2022,1
7,0.25,286.0,6,59,6,2,2022,1
1,0.5,3.0,1,22,6,2,2022,1
17,0.265282,157.0,0,1,6,2,2022,1
3,0.1,423.0,0,59,6,2,2022,1
15,0.08,325.0,5,59,6,2,2022,0
2,0.33,76.0,3,59,6,2,2022,0
9,0.265282,28.0,2,59,6,2,2022,0
2,0.25,197.0,4,59,6,2,2022,0
5,0.265282,37.0,0,59,6,2,2022,2
2,1.0,17.0,3,59,6,2,2022,2
7,0.265282,202.0,3,3,6,2,2022,2
27,0.1,157.0,13,34,6,1,2022,2
25,0.06,750.0,7,59,6,1,2022,1
5,1.0,2.0,1,22,6,1,2022,1
3,0.12,250.0,0,5,6,1,2022,1
7,0.1,182.0,4,58,6,1,2022,0
20,0.14,203.0,4,59,6,1,2022,0
5,0.265282,136.0,0,59,6,1,2022,0
28,0.35,32.0,3,58,6,1,2022,0
2,0.265282,202.0,5,59,6,1,2022,0
21,0.1,313.0,0,59,6,1,2022,2
15,0.3,17.0,1,38,6,1,2022,2
2,0.06,157.0,13,25,5,31,2022,2
13,0.265282,85.0,4,59,5,31,2022,0
7,0.33,110.0,2,59,5,31,2022,0
27,0.265282,49.0,2,25,5,31,2022,0
5,0.25,26.0,2,59,5,31,2022,0
12,0.265282,462.0,4,59,5,31,2022,2
27,0.32,132.0,13,57,5,30,2022,2
2,0.1,375.0,6,22,5,30,2022,1
7,0.03,50.0,0,5,5,30,2022,1
4,0.265282,36.0,0,59,5,30,2022,2
5,0.3,17.0,2,22,5,27,2022,1
4,0.265282,23.0,2,22,5,27,2022,0
7,0.26,118.0,0,58,5,27,2022,0
15,0.265282,46.0,0,59,5,27,2022,2
17,0.265282,120.0,4,59,5,27,2022,2
17,0.265282,192.0,0,59,5,27,2022,2
23,0.13,365.0,13,5,5,26,2022,1
3,0.11,378.0,4,32,5,26,2022,1
9,0.265282,749.0,14,43,5,26,2022,1
2,0.02,157.0,0,58,5,26,2022,0
25,0.2,1900.0,5,59,5,25,2022,2
7,0.27,1300.0,6,59,5,25,2022,1
7,0.265282,121.0,4,59,5,25,2022,1
7,0.25,53.0,3,17,5,25,2022,0
7,0.2,42.0,3,17,5,25,2022,0
7,0.2,70.0,3,59,5,25,2022,0
15,0.31,109.0,3,38,5,25,2022,2
9,0.14,1800.0,6,55,5,25,2022,2
9,0.1,300.0,0,58,5,25,2022,2
9,0.5,1300.0,4,17,5,24,2022,2
5,0.265282,20.0,3,23,5,24,2022,1
7,0.265282,256.0,5,59,5,24,2022,0
7,0.1,3700.0,0,52,5,23,2022,2
7,0.265282,216.0,13,59,5,23,2022,1
3,0.45,11.0,2,0,5,23,2022,1
4,1.0,16.0,2,25,5,23,2022,0
19,0.07,537.0,4,59,5,23,2022,0
2,0.2,33.0,3,59,5,23,2022,0
23,0.265282,322.0,6,5,5,23,2022,2
12,0.75,97.0,4,22,5,21,2022,2
25,0.28,342.0,13,59,5,20,2022,1
18,0.15,174.0,3,59,5,20,2022,1
2,0.1,287.0,13,59,5,20,2022,0
27,0.06,1300.0,8,22,5,19,2022,2
5,0.07,292.0,6,22,5,18,2022,2
18,0.01,121900.0,13,59,5,17,2022,1
12,0.1,568.0,5,52,5,17,2022,1
2,0.08,195.0,4,59,5,17,2022,1
9,0.4,29.0,2,59,5,16,2022,1
23,0.265282,194.0,14,59,5,16,2022,2
23,0.4,60.0,14,44,5,14,2022,2
12,0.265282,209.0,14,59,5,14,2022,0
7,0.265282,130.0,5,59,5,13,2022,0
13,1.0,157.0,3,59,5,13,2022,2
8,0.265282,619.0,4,59,5,12,2022,1
5,0.265282,37.0,2,59,5,12,2022,0
25,0.265282,29.0,14,59,5,12,2022,2
4,0.07,1000.0,8,59,5,11,2022,0
27,0.12,1600.0,13,59,5,10,2022,2
7,0.15,679.0,13,59,5,10,2022,2
28,0.33,238.0,4,58,5,10,2022,1
25,0.06,342.0,13,59,5,10,2022,0
19,0.5,293.0,4,16,5,9,2022,2
27,0.14,1300.0,13,59,5,9,2022,2
27,0.05,1500.0,0,59,5,6,2022,2
12,0.265282,0.0,14,59,5,6,2022,0
5,0.03,292.0,6,22,5,5,2022,1
7,0.265282,202.0,14,59,5,5,2022,1
20,0.1,192.0,4,59,5,5,2022,1
5,0.25,20.0,2,59,5,5,2022,0
9,1.0,3.0,1,1,5,4,2022,2
6,0.265282,41.0,2,59,5,4,2022,1
2,0.25,165.0,0,59,5,4,2022,1
7,0.3,64.0,2,59,5,4,2022,0
23,0.265282,7.0,2,59,5,4,2022,0
7,0.265282,128.0,4,59,5,4,2022,0
7,0.3,45.0,0,1,5,4,2022,2
23,0.265282,3400.0,0,59,5,2,2022,2
9,0.67,45.0,3,25,5,1,2022,2
12,0.265282,657.0,7,59,4,29,2022,2
5,0.19,130.0,5,59,4,28,2022,1
18,0.265282,121900.0,13,59,4,28,2022,0
8,0.265282,157.0,0,59,4,27,2022,0
7,0.09,5600.0,13,59,4,26,2022,2
23,0.34,27.0,2,7,4,26,2022,0
19,0.265282,277.0,14,16,4,25,2022,0
17,0.265282,58.0,3,59,4,25,2022,0
2,0.09,917.0,6,9,4,21,2022,1
23,0.3,502.0,5,5,4,20,2022,2
7,0.265282,481.0,13,59,4,20,2022,0
7,0.1,665.0,13,59,4,19,2022,1
21,0.04,755.0,6,5,4,19,2022,1
21,0.265282,788.0,0,5,4,19,2022,1
21,0.265282,905.0,0,59,4,19,2022,2
13,0.11,152.0,4,59,4,18,2022,2
18,0.265282,4.0,14,59,4,15,2022,0
12,1.0,2.0,0,59,4,15,2022,2
12,1.0,9.0,0,59,4,14,2022,0
12,0.265282,255.0,5,59,4,14,2022,2
27,0.14,329.0,5,59,4,12,2022,1
23,0.265282,1100.0,7,22,4,11,2022,1
9,0.1,176.0,14,59,4,8,2022,0
5,0.17,838.0,9,22,4,7,2022,2
9,0.265282,16.0,13,7,4,7,2022,0
6,0.265282,752.0,6,59,4,5,2022,2
7,1.0,124.0,3,59,4,5,2022,2
3,0.25,0.0,1,47,4,4,2022,1
18,0.38,3.0,13,7,4,4,2022,0
7,0.265282,42.0,3,25,3,31,2022,0
23,0.265282,8600.0,13,22,3,30,2022,2
4,0.4,40.0,3,17,3,30,2022,0
9,0.03,3400.0,9,59,3,29,2022,2
5,0.2,22.0,13,7,3,29,2022,1
23,0.265282,228.0,5,22,3,26,2022,1
23,0.17,474.0,6,59,3,19,2022,2
18,0.1,275.0,13,52,3,17,2022,1
12,0.265282,19.0,5,59,3,16,2022,1
23,0.5,62.0,3,22,3,15,2022,2
21,0.46,654.0,0,59,3,15,2022,1
12,0.25,8.0,13,59,3,15,2022,2
7,0.2,301.0,13,59,3,10,2022,2
21,0.33,905.0,0,59,3,8,2022,2
12,0.12,406.0,13,59,3,8,2022,1
4,0.25,289.0,6,59,3,3,2022,1
12,0.265282,1400.0,7,9,3,2,2022,2
23,0.15,1600.0,13,59,3,1,2022,1
8,0.265282,200.0,12,59,2,25,2022,2
7,0.265282,85.0,3,22,2,24,2022,0
5,0.265282,24.0,2,22,2,21,2022,1
27,0.5,368.0,0,59,2,21,2022,1
7,0.265282,28.0,14,52,2,17,2022,1
9,0.15,118.0,5,5,2,16,2022,1
21,0.29,35.0,3,59,2,14,2022,1
19,0.12,1000.0,5,59,2,10,2022,1
9,0.2,120.0,5,59,2,10,2022,0
8,0.2,1900.0,13,59,2,8,2022,2
4,0.265282,78.0,3,59,2,7,2022,2
21,0.2,133.0,0,59,2,3,2022,0
9,0.265282,3400.0,9,59,1,26,2022,1
2,0.33,266.0,6,59,1,26,2022,1
7,0.265282,527.0,13,59,1,20,2022,2
27,0.25,8.0,14,59,1,8,2022,2
9,0.265282,8300.0,13,17,12,22,2021,2
8,0.265282,200.0,12,59,12,8,2021,2
21,0.09,905.0,0,59,12,1,2021,2
4,0.27,46.0,14,59,11,18,2021,0
21,0.25,97.0,13,59,11,2,2021,2
20,0.265282,356.0,0,59,10,5,2021,0
18,1.0,70.0,4,59,10,1,2021,2
19,0.265282,974.0,13,59,9,23,2021,1
9,0.265282,229.0,5,59,9,22,2021,2
2,0.265282,78.0,14,59,9,15,2021,2
5,0.9,12.0,3,59,9,14,2021,0
23,0.265282,339.0,13,59,9,14,2021,2
25,0.265282,1000.0,0,59,8,30,2021,0
5,0.5,14.0,2,59,8,24,2021,0
2,0.265282,9400.0,0,9,8,5,2021,2
10,0.265282,17.0,2,22,7,26,2021,1
1,1.0,1600.0,0,59,6,1,2021,2
7,0.265282,53.0,0,58,5,5,2021,2
5,0.265282,122.0,4,59,4,29,2021,0
18,1.0,16.0,3,59,4,29,2021,2
18,0.265282,165.0,5,59,4,26,2021,0
13,0.07,214.5,13,59,4,6,2021,1
18,0.265282,132.0,4,59,3,24,2021,2
18,0.265282,37.0,14,59,3,9,2021,0
13,0.265282,157.0,3,59,3,3,2021,2
4,0.265282,186.0,4,59,3,1,2021,2
2,0.265282,105.0,0,59,2,24,2021,2
9,0.265282,194.0,0,22,2,23,2021,1
27,0.4,214.2,5,22,2,22,2021,1
23,0.265282,305.0,7,59,2,9,2021,1
19,0.265282,1200.0,7,59,2,9,2021,1
22,1.0,157.0,0,59,2,4,2021,0
9,0.2,39.0,14,17,2,3,2021,1
23,1.0,61.0,3,7,2,1,2021,0
2,0.265282,7400.0,0,22,1,27,2021,2
4,0.265282,150.0,4,58,1,27,2021,0
23,0.265282,50.0,14,59,1,25,2021,2
9,0.15,763.0,14,59,1,23,2021,1
9,0.265282,2400.0,0,59,1,21,2021,2
17,1.0,20.0,0,48,1,20,2021,0
19,0.15,1700.0,13,59,1,13,2021,2
7,1.0,584.0,0,59,1,11,2021,2
7,1.0,15.0,14,59,1,7,2021,2
5,0.265282,11.0,14,22,1,6,2021,2
25,0.265282,157.0,14,59,12,23,2020,1
21,0.8,131.0,5,7,12,16,2020,1
4,0.265282,352.0,14,59,12,16,2020,0
28,0.265282,3200.0,7,22,12,8,2020,2
10,0.265282,120.0,4,59,11,25,2020,2
7,0.25,3.0,1,59,11,19,2020,0
21,0.5,116.0,3,59,11,18,2020,2
12,1.0,45.0,3,59,11,17,2020,1
12,0.4,157.0,0,59,11,17,2020,0
4,0.265282,67.0,4,59,11,17,2020,2
27,0.265282,95.0,4,59,11,17,2020,2
23,0.5,3.8,0,59,11,9,2020,0
25,1.0,14.0,2,59,11,5,2020,2
23,0.5,101.6,0,59,11,2,2020,2
26,0.265282,42.0,13,59,11,1,2020,0
12,0.265282,12.5,2,59,10,29,2020,1
21,0.08,560.0,4,59,10,29,2020,0
9,0.265282,67.0,3,59,10,25,2020,2
5,0.265282,8.0,2,59,10,23,2020,0
18,1.0,1800.0,12,59,10,21,2020,2
9,0.265282,914.0,11,23,10,20,2020,2
28,0.17,656.0,6,17,10,14,2020,1
17,0.265282,28.0,14,22,10,10,2020,2
13,0.265282,105.0,14,59,10,8,2020,2
12,0.06,356.0,5,59,9,29,2020,0
18,0.265282,3.5,3,59,9,29,2020,2
27,0.265282,1.54,12,58,9,25,2020,2
21,0.265282,19500.0,9,9,9,23,2020,2
17,0.16,18.0,2,59,9,16,2020,2
4,0.95,157.9,2,59,9,11,2020,1
18,0.265282,40.5,14,58,9,11,2020,0
21,1.0,13.4,2,59,9,11,2020,2
27,0.054,67.0,14,59,9,9,2020,0
27,0.1,132.0,3,59,9,8,2020,2
5,0.265282,22.8,3,59,9,5,2020,2
15,0.265282,157.0,13,59,9,2,2020,2
23,1.0,30.0,2,57,9,2,2020,2
18,0.265282,95.2,14,59,9,1,2020,2
7,0.11,97.0,0,48,9,1,2020,0
28,0.1,548.0,13,22,8,31,2020,2
24,0.0185,65.4,13,59,8,26,2020,2
22,0.265282,157.0,14,59,8,26,2020,2
13,0.265282,36.0,13,1,8,24,2020,0
18,0.265282,9.5,14,59,8,24,2020,2
4,0.265282,76.2,4,59,8,20,2020,2
12,0.8,15.5,1,58,8,19,2020,0
28,0.265282,1.3,1,17,8,19,2020,2
13,1.0,10.0,2,59,8,18,2020,2
2,0.265282,105.0,0,9,8,17,2020,2
23,0.265282,122.3,13,7,8,14,2020,0
20,0.265282,350.2,7,59,8,14,2020,2
27,0.265282,45.0,0,59,8,12,2020,2
2,0.25,2.3,0,59,8,11,2020,2
9,1.0,0.9755,1,48,8,8,2020,0
23,0.38,186.4,5,59,8,7,2020,1
27,0.265282,1.8,1,60,8,7,2020,2
9,0.5,53.0,3,7,8,6,2020,1
24,0.265282,20.0,0,59,8,5,2020,0
28,0.25,157.0,14,34,7,30,2020,2
23,1.0,42.4,14,59,7,30,2020,1
7,0.265282,472.0,14,59,7,30,2020,2
9,0.265282,13.0,0,59,7,29,2020,2
1,0.09,649.0,0,59,7,28,2020,1
9,0.05,1600.0,10,22,7,27,2020,2
7,0.72,60.18,3,17,7,27,2020,1
10,0.265282,29.7,0,58,7,27,2020,2
10,0.12,309.0,5,59,7,23,2020,0
23,1.0,27.0,3,23,7,23,2020,2
22,0.06,154.0,14,59,7,21,2020,2
7,0.49,15.0,3,59,7,20,2020,0
8,0.265282,404.6,5,22,7,17,2020,1
28,0.265282,22.4,2,7,7,16,2020,2
17,0.15,251.2,5,59,7,15,2020,0
28,0.2,197.2,14,58,7,14,2020,2
18,0.265282,307.6,7,59,7,14,2020,2
2,0.265282,56.0,13,59,7,13,2020,0
15,0.265282,70.0,4,22,7,10,2020,1
23,0.12,307.0,5,48,7,9,2020,1
7,0.265282,25.6,14,22,7,9,2020,0
7,0.265282,746.0,13,59,7,8,2020,1
7,0.265282,1200.0,13,59,7,8,2020,2
21,0.265282,117.0,4,59,7,1,2020,0
17,0.265282,38.0,5,59,7,1,2020,0
18,0.265282,19.0,4,59,7,1,2020,0
2,0.265282,57.8,4,59,7,1,2020,0
17,0.05,100.8,4,59,6,30,2020,0
22,0.265282,132.0,5,59,6,30,2020,2
1,0.07,1300.0,6,59,6,29,2020,2
27,0.22,214.2,5,22,6,29,2020,1
27,0.265282,3600.0,0,17,6,29,2020,1
23,0.265282,101.6,0,59,6,29,2020,0
13,0.265282,214.5,13,59,6,29,2020,0
23,1.0,4.0,0,59,6,28,2020,2
27,0.265282,1200.0,4,59,6,27,2020,2
26,0.265282,228.0,7,59,6,25,2020,2
17,0.06,157.0,13,59,6,24,2020,2
2,0.12,455.2,13,59,6,24,2020,1
28,0.265282,3200.0,7,59,6,24,2020,2
27,0.09,4800.0,7,23,6,23,2020,2
7,0.9,103.0,4,59,6,23,2020,1
20,1.0,3.0,1,59,6,23,2020,0
7,0.07,18.0,13,59,6,22,2020,2
21,0.265282,19500.0,9,58,6,19,2020,1
18,0.265282,32.0,3,59,6,18,2020,0
7,0.25,582.0,12,22,6,17,2020,0
7,0.5,496.0,8,22,6,16,2020,2
27,0.05,9900.0,10,48,6,16,2020,2
4,0.01,40.0,13,59,6,16,2020,0
12,0.25,50.0,4,59,6,16,2020,0
4,0.11,117.0,14,59,6,15,2020,2
23,1.0,10.0,3,59,6,15,2020,2
27,0.25,24700.0,13,34,6,12,2020,1
7,0.48,50.0,3,59,6,12,2020,0
13,0.1,157.0,0,6,6,11,2020,1
23,0.27,2.0,1,59,6,11,2020,0
18,0.18,157.0,0,59,6,10,2020,0
26,0.265282,39.6,0,7,6,9,2020,0
18,0.08,139.0,5,59,6,5,2020,0
7,0.14,106.0,4,59,6,5,2020,0
25,0.4,52.0,4,59,6,4,2020,0
20,0.14,29.0,2,59,6,4,2020,0
27,0.265282,75.0,4,59,6,4,2020,2
7,0.08,324.0,7,58,6,3,2020,1
0,0.265282,1.0,0,59,6,3,2020,0
27,0.21,117.0,5,59,6,3,2020,0
7,0.14,120.0,7,59,6,3,2020,0
27,0.265282,55.0,14,17,6,2,2020,1
27,0.02,3100.0,12,59,6,2,2020,0
7,0.15,453.0,4,59,6,2,2020,0
4,0.16,58.0,3,59,6,2,2020,0
2,0.265282,10.0,14,59,6,2,2020,0
23,0.18,79.0,13,59,6,1,2020,2
28,0.1,548.0,13,22,6,1,2020,2
21,0.22,24.0,4,59,6,1,2020,0
7,0.15,732.0,4,59,5,29,2020,0
21,0.6,17.0,2,59,5,29,2020,0
2,0.18,224.0,0,22,5,28,2020,2
27,0.3,340.0,13,59,5,28,2020,1
2,0.265282,19.0,14,59,5,28,2020,1
10,0.08,157.0,6,1,5,28,2020,0
23,0.25,7.0,2,59,5,28,2020,0
5,0.12,89.0,14,59,5,27,2020,1
7,0.08,30.0,0,5,5,27,2020,0
27,0.23,24700.0,13,22,5,26,2020,2
5,1.0,108.0,14,59,5,26,2020,1
7,0.265282,207.0,0,59,5,26,2020,0
27,0.265282,247.0,5,22,5,25,2020,1
19,0.265282,157.0,0,24,5,22,2020,0
17,0.1,146.0,14,59,5,21,2020,2
28,0.35,3.0,2,22,5,21,2020,0
20,0.36,30.0,2,59,5,21,2020,0
27,0.265282,100.0,14,16,5,21,2020,2
27,0.35,3800.0,11,22,5,20,2020,2
15,0.18,530.0,7,59,5,20,2020,2
28,1.0,62.0,3,59,5,20,2020,1
7,0.07,2500.0,12,59,5,20,2020,1
17,0.25,222.0,5,22,5,20,2020,1
26,0.06,240.0,5,59,5,20,2020,0
23,0.15,157.0,5,22,5,19,2020,2
28,0.31,88.0,3,58,5,19,2020,0
20,1.0,157.0,0,58,5,19,2020,0
7,0.265282,252.0,4,59,5,19,2020,2
27,0.13,24700.0,13,59,5,18,2020,2
28,0.25,157.0,14,48,5,18,2020,2
9,0.14,1600.0,10,22,5,18,2020,2
21,0.2,19500.0,9,22,5,18,2020,1
13,0.265282,553.0,6,59,5,18,2020,0
14,0.05,157.0,12,59,5,18,2020,0
25,0.265282,92.0,14,25,5,18,2020,2
13,0.1,63.0,4,59,5,18,2020,2
21,0.265282,300.0,0,22,5,17,2020,2
9,0.13,914.0,11,22,5,15,2020,2
7,0.5,200.0,0,22,5,15,2020,2
10,0.1,49.0,4,59,5,15,2020,0
23,1.0,3.0,1,59,5,15,2020,2
27,0.08,5300.0,14,59,5,14,2020,1
18,0.4,157.0,14,59,5,14,2020,1
17,0.1,116.0,14,59,5,14,2020,0
27,0.15,73.0,3,59,5,14,2020,0
7,0.265282,69.0,0,59,5,14,2020,0
25,0.265282,106.0,5,59,5,14,2020,2
17,0.265282,375.0,4,59,5,14,2020,2
23,1.0,80.0,4,59,5,13,2020,2
24,0.4,2.0,0,5,5,13,2020,0
7,0.18,10.0,0,59,5,13,2020,0
20,0.11,157.0,14,7,5,13,2020,0
4,0.265282,46.0,4,59,5,13,2020,0
25,0.265282,111.0,6,59,5,13,2020,2
8,1.0,1.0,1,61,5,13,2020,2
19,0.1,574.0,4,59,5,13,2020,2
7,0.2,157.0,13,5,5,12,2020,2
21,0.5,79.0,3,59,5,12,2020,0
4,0.19,77.0,3,59,5,12,2020,0
22,0.17,52.0,5,59,5,12,2020,0
5,0.03,104.0,5,7,5,12,2020,0
13,0.265282,100.0,14,59,5,12,2020,2
7,0.265282,47.0,3,59,5,12,2020,2
7,0.03,837.0,5,58,5,11,2020,0
21,0.25,133.0,4,59,5,11,2020,0
7,0.01,782.0,5,59,5,8,2020,0
27,1.0,11.0,14,59,5,7,2020,2
22,0.3,204.0,14,59,5,7,2020,2
7,0.5,78.0,3,53,5,7,2020,0
7,0.12,263.0,6,59,5,7,2020,0
24,0.265282,145.0,5,59,5,7,2020,0
7,0.23,92.0,4,59,5,7,2020,0
28,1.0,157.0,0,23,5,7,2020,2
27,0.14,24700.0,13,59,5,6,2020,2
4,0.33,157.0,12,59,5,6,2020,1
5,0.265282,15.0,14,59,5,6,2020,1
17,0.08,60.0,13,59,5,6,2020,0
4,0.1,283.0,5,59,5,6,2020,0
7,0.7,170.0,3,36,5,6,2020,2
4,0.265282,743.0,6,59,5,6,2020,2
28,0.25,5400.0,12,59,5,5,2020,2
2,0.3,1500.0,0,59,5,5,2020,2
22,0.1,181.0,5,59,5,5,2020,1
22,0.15,68.0,5,59,5,5,2020,0
24,0.265282,90.0,4,14,5,5,2020,0
22,0.1,84.0,4,59,5,5,2020,0
13,0.265282,1000.0,13,59,5,5,2020,2
22,0.265282,74.0,4,59,5,5,2020,2
12,0.265282,76.0,0,7,5,5,2020,2
8,0.16,404.0,5,22,5,4,2020,2
27,0.31,771.0,14,57,5,4,2020,2
7,0.2,175.0,3,20,5,4,2020,2
25,0.21,7.0,2,14,5,4,2020,0
19,0.15,257.0,3,7,5,4,2020,0
10,0.3,106.0,3,1,5,4,2020,0
24,0.08,11.0,2,7,5,4,2020,0
12,0.13,184.0,13,59,5,4,2020,2
28,0.265282,55.0,14,17,5,4,2020,2
23,0.1,386.0,5,25,5,3,2020,1
19,0.265282,46.0,13,59,5,3,2020,0
28,0.265282,2400.0,7,58,5,1,2020,1
10,0.4,217.0,6,59,5,1,2020,1
18,0.32,102.0,3,58,5,1,2020,1
2,0.8,82.0,2,59,5,1,2020,1
12,0.265282,10.0,2,59,5,1,2020,0
7,0.265282,80.0,0,42,5,1,2020,0
18,0.2,28.0,4,59,5,1,2020,0
27,1.0,24.0,14,59,5,1,2020,2
28,0.265282,1.0,1,22,5,1,2020,2
24,0.265282,32.0,14,59,4,30,2020,1
2,0.265282,156.0,14,59,4,30,2020,1
0,0.265282,75.0,0,59,4,30,2020,2
4,0.265282,660.0,6,59,4,30,2020,2
18,0.14,145.0,6,59,4,30,2020,2
9,1.0,15.0,2,59,4,30,2020,2
27,0.17,4900.0,13,59,4,29,2020,2
21,0.265282,2250.0,9,59,4,29,2020,2
28,0.08,229.0,14,59,4,29,2020,1
9,0.265282,89.0,3,59,4,29,2020,1
27,0.13,765.0,5,59,4,29,2020,1
15,0.1,128.0,5,59,4,29,2020,0
7,0.265282,23.0,3,49,4,29,2020,2
28,0.25,3.0,13,59,4,28,2020,2
7,0.5,157.0,0,36,4,28,2020,2
9,0.15,1500.0,8,58,4,28,2020,2
4,0.18,156.0,0,59,4,28,2020,1
17,0.15,70.0,0,59,4,28,2020,0
7,0.25,71.0,3,59,4,28,2020,0
23,0.5,2.0,1,59,4,28,2020,0
19,0.265282,436.0,6,59,4,28,2020,2
7,0.25,37.0,3,59,4,28,2020,2
19,0.1,840.0,3,59,4,27,2020,2
21,0.2,24.0,2,59,4,27,2020,0
22,0.7,4.0,1,59,4,27,2020,2
28,0.265282,2400.0,7,5,4,25,2020,2
9,1.0,157.0,2,23,4,25,2020,2
19,0.2,17.0,3,59,4,25,2020,0
27,0.36,88.0,3,59,4,24,2020,0
26,0.23,60.0,3,7,4,24,2020,0
17,0.3,7.0,2,59,4,24,2020,0
7,0.22,15.0,3,59,4,24,2020,0
28,0.25,30.0,3,17,4,24,2020,0
12,0.33,29.0,3,59,4,24,2020,0
2,0.21,12.0,0,59,4,24,2020,0
5,1.0,2.0,2,5,4,24,2020,0
18,0.265282,54.0,14,59,4,24,2020,2
7,0.265282,122.0,6,58,4,24,2020,2
23,0.12,160.0,4,59,4,23,2020,1
10,0.15,583.0,4,59,4,23,2020,1
4,0.09,274.0,7,59,4,23,2020,1
12,0.05,1300.0,0,59,4,23,2020,0
17,0.265282,68.0,4,59,4,23,2020,0
15,0.01,665.0,5,59,4,23,2020,2
23,0.265282,78.0,14,59,4,23,2020,2
17,0.265282,50.0,3,59,4,23,2020,2
2,0.5,2600.0,6,59,4,22,2020,2
10,0.35,24.0,3,59,4,22,2020,0
27,0.14,52.0,2,59,4,22,2020,0
28,0.7,157.0,0,23,4,22,2020,2
4,0.265282,17.0,2,59,4,22,2020,2
25,0.265282,61.0,4,59,4,22,2020,2
1,0.1,15.0,13,1,4,22,2020,2
9,0.265282,1600.0,10,22,4,21,2020,2
7,0.265282,2200.0,0,22,4,21,2020,2
7,0.3,392.0,13,59,4,21,2020,2
2,0.1,613.0,6,59,4,21,2020,1
23,0.21,339.0,13,59,4,21,2020,1
12,0.13,42.0,3,59,4,21,2020,0
7,0.09,75.0,3,7,4,21,2020,0
18,0.13,165.0,5,59,4,21,2020,0
5,0.265282,48.0,3,59,4,21,2020,0
18,0.265282,157.0,0,59,4,21,2020,0
15,0.1,84.0,5,25,4,21,2020,0
28,0.15,521.0,5,20,4,20,2020,2
3,0.14,10.0,0,59,4,20,2020,1
17,0.25,58.0,5,59,4,20,2020,1
7,0.3,38.0,3,32,4,20,2020,1
26,0.25,1.0,1,5,4,20,2020,0
27,0.265282,71.0,4,59,4,20,2020,0
12,0.09,50.0,4,59,4,20,2020,0
12,0.03,100.0,4,59,4,20,2020,0
28,0.6,40.5,3,59,4,20,2020,2
7,1.0,126.0,6,59,4,18,2020,2
15,0.265282,293.0,5,22,4,17,2020,1
5,0.35,37.0,5,5,4,17,2020,1
22,0.28,110.0,5,59,4,17,2020,1
21,0.08,335.0,5,5,4,17,2020,1
21,0.1,263.0,4,5,4,17,2020,0
23,0.05,307.0,5,48,4,17,2020,0
5,0.265282,34.0,3,12,4,17,2020,0
9,0.1,478.0,10,59,4,17,2020,0
17,0.18,100.0,4,59,4,17,2020,0
25,0.37,1.0,0,59,4,17,2020,0
3,0.12,69.0,3,59,4,17,2020,2
19,0.38,18.0,2,59,4,17,2020,2
9,0.265282,96.0,14,59,4,17,2020,2
17,0.265282,59.0,0,7,4,17,2020,2
27,0.13,1.0,13,59,4,16,2020,1
7,0.18,42.0,3,48,4,16,2020,0
17,0.2,76.0,4,22,4,16,2020,0
17,0.265282,11.0,2,7,4,16,2020,2
17,0.265282,59.0,4,59,4,16,2020,2
23,0.265282,16.0,2,59,4,16,2020,2
17,0.265282,157.0,0,59,4,16,2020,2
3,1.0,1.0,1,59,4,16,2020,2
21,0.265282,2.0,2,59,4,16,2020,2
21,0.35,1500.0,6,59,4,15,2020,2
2,0.2,288.0,13,59,4,15,2020,1
23,0.4,19.0,4,22,4,15,2020,1
9,0.67,423.0,0,59,4,15,2020,1
7,0.16,447.0,6,59,4,15,2020,1
7,0.265282,160.0,5,23,4,15,2020,1
10,0.25,72.0,4,59,4,15,2020,0
27,0.2,40.0,2,59,4,15,2020,0
23,0.265282,51.0,3,7,4,15,2020,0
23,0.265282,34.0,4,59,4,15,2020,0
19,0.2,100.0,14,59,4,15,2020,2
2,0.3,7.0,2,23,4,15,2020,2
6,0.265282,1800.0,9,59,4,15,2020,2
23,0.1,358.0,13,59,4,14,2020,1
9,0.23,224.0,6,7,4,14,2020,1
10,0.3,59.0,3,59,4,14,2020,0
2,0.35,90.0,3,59,4,14,2020,0
2,0.265282,132.0,5,59,4,14,2020,0
4,0.265282,190.0,6,59,4,14,2020,0
10,0.265282,5.0,0,5,4,14,2020,0
7,0.265282,584.0,0,59,4,14,2020,2
28,0.265282,134.0,4,48,4,14,2020,2
23,0.44,1400.0,13,59,4,13,2020,2
27,0.1,955.0,3,59,4,13,2020,1
7,0.1,120.0,3,5,4,13,2020,0
15,0.25,12.0,2,59,4,13,2020,0
7,0.08,119.0,3,7,4,13,2020,0
18,0.265282,185.0,0,59,4,10,2020,1
28,0.16,3.0,0,59,4,10,2020,0
7,0.265282,14.0,3,5,4,10,2020,0
22,0.265282,29.0,4,59,4,10,2020,0
4,0.29,85.0,0,59,4,10,2020,0
1,0.27,35.0,3,59,4,10,2020,0
13,1.0,1.0,0,59,4,10,2020,0
18,0.31,157.0,0,59,4,10,2020,0
7,0.265282,119.0,4,59,4,10,2020,2
2,0.17,56.0,13,59,4,9,2020,2
7,0.265282,324.0,7,59,4,9,2020,1
14,0.1,410.0,3,59,4,9,2020,1
7,0.31,26.0,3,5,4,9,2020,1
4,0.1,689.0,13,59,4,9,2020,1
4,0.34,114.0,5,59,4,9,2020,1
26,0.32,59.0,3,59,4,9,2020,0
23,0.15,28.0,3,7,4,9,2020,0
4,0.05,137.5,3,59,4,9,2020,0
5,0.07,157.0,0,7,4,9,2020,0
17,0.04,32.0,0,58,4,9,2020,0
3,0.265282,18.0,0,59,4,9,2020,2
3,0.3,40.0,3,58,4,9,2020,2
7,0.265282,217.0,0,59,4,9,2020,2
2,0.45,332.0,13,59,4,8,2020,2
23,0.28,215.0,5,22,4,8,2020,1
27,0.33,95.0,4,59,4,8,2020,1
7,0.45,40.0,3,59,4,8,2020,1
22,0.4,72.0,4,59,4,8,2020,1
26,0.35,91.0,4,42,4,8,2020,1
17,0.35,64.0,4,59,4,8,2020,0
21,0.4,40.0,3,59,4,8,2020,0
17,0.05,65.0,4,59,4,8,2020,0
17,0.25,157.0,0,59,4,8,2020,0
17,0.1,106.0,4,59,4,8,2020,0
22,0.16,23.0,0,5,4,8,2020,0
20,0.1,157.0,0,7,4,8,2020,0
2,0.1,16.0,3,5,4,8,2020,0
9,0.12,26.0,2,59,4,8,2020,0
7,0.06,314.0,5,5,4,8,2020,2
17,0.265282,58.0,4,59,4,8,2020,2
28,0.1,134.0,4,48,4,8,2020,2
7,0.265282,35.0,2,59,4,8,2020,2
7,0.265282,1.0,0,36,4,8,2020,2
23,0.2,140.0,5,59,4,8,2020,2
9,0.5,902.0,7,59,4,7,2020,2
9,0.44,319.0,5,59,4,7,2020,2
12,0.53,438.0,13,59,4,7,2020,2
21,0.07,319.0,13,59,4,7,2020,1
17,0.2,367.0,6,59,4,7,2020,1
7,0.265282,157.0,0,59,4,7,2020,1
23,0.15,85.0,5,59,4,7,2020,1
12,0.265282,175.0,4,59,4,7,2020,0
23,0.1,181.0,5,59,4,7,2020,0
17,0.08,607.0,12,59,4,7,2020,0
18,0.07,190.0,0,59,4,7,2020,0
10,0.265282,157.0,0,59,4,7,2020,0
7,0.265282,99.0,4,59,4,7,2020,0
26,0.265282,15.0,2,59,4,7,2020,2
17,0.265282,41.0,12,59,4,7,2020,2
7,0.33,293.0,6,59,4,6,2020,1
17,0.2,0.7,2,5,4,6,2020,1
17,0.2,75.0,3,59,4,6,2020,1
7,0.06,157.0,0,5,4,6,2020,0
17,0.1,28.0,14,59,4,6,2020,0
26,0.14,92.0,4,59,4,6,2020,0
27,0.32,21.0,3,7,4,6,2020,0
7,0.2,72.0,3,7,4,6,2020,0
10,0.1,50.0,12,59,4,6,2020,0
3,0.265282,25.0,13,7,4,6,2020,2
28,0.265282,183.0,5,59,4,6,2020,2
4,0.265282,227.0,4,59,4,6,2020,2
0,0.25,100.0,0,59,4,5,2020,0
2,0.12,348.0,0,31,4,4,2020,0
8,0.33,300.0,5,5,4,3,2020,2
17,0.5,162.0,5,59,4,3,2020,2
28,0.42,157.0,0,5,4,3,2020,1
23,0.37,297.0,6,59,4,3,2020,1
27,0.265282,225.0,0,59,4,3,2020,1
27,0.265282,955.0,3,59,4,3,2020,1
28,0.1,157.0,0,23,4,3,2020,1
15,0.07,35.0,3,59,4,3,2020,1
23,0.13,97.0,5,59,4,3,2020,0
7,0.4,40.0,3,59,4,3,2020,0
13,0.13,247.0,5,59,4,3,2020,0
18,0.08,80.0,6,59,4,3,2020,0
12,0.25,24.0,2,7,4,3,2020,0
12,0.265282,14.0,2,59,4,3,2020,0
18,0.05,157.0,0,59,4,3,2020,0
23,0.265282,4.0,2,59,4,3,2020,0
28,0.25,157.0,0,59,4,3,2020,0
18,0.2,157.0,0,59,4,3,2020,0
4,0.265282,16.0,2,59,4,3,2020,2
10,0.265282,64.0,3,59,4,3,2020,2
28,0.265282,41.0,3,11,4,3,2020,2
10,0.265282,7.0,2,59,4,3,2020,2
22,0.265282,28.0,3,59,4,3,2020,2
21,0.5,117.0,4,59,4,3,2020,2
8,0.35,114.0,13,59,4,2,2020,2
1,0.03,1200.0,5,59,4,2,2020,1
9,0.54,112.0,4,7,4,2,2020,1
8,0.22,549.0,6,59,4,2,2020,1
8,0.25,109.0,5,17,4,2,2020,1
27,0.265282,167.0,3,52,4,2,2020,1
21,0.2,222.0,5,59,4,2,2020,1
23,0.17,253.0,5,59,4,2,2020,0
23,0.3,68.0,3,59,4,2,2020,0
25,0.265282,152.0,3,59,4,2,2020,0
10,0.25,65.0,14,59,4,2,2020,0
27,0.265282,122.0,4,22,4,2,2020,0
22,0.2,118.0,12,59,4,2,2020,0
17,0.265282,102.0,4,59,4,2,2020,0
10,0.19,114.0,6,59,4,2,2020,0
18,0.265282,50.0,5,59,4,2,2020,0
13,0.15,151.0,0,59,4,2,2020,0
10,0.265282,40.0,3,59,4,2,2020,0
17,0.07,16.0,3,59,4,2,2020,0
5,0.07,2.0,0,59,4,2,2020,0
7,0.06,8.0,0,22,4,2,2020,0
9,0.07,6.0,2,59,4,2,2020,0
21,0.5,157.0,0,59,4,2,2020,2
23,0.265282,102.0,12,22,4,2,2020,2
23,0.265282,70.0,4,59,4,2,2020,2
23,1.0,157.0,0,57,4,2,2020,2
19,0.265282,157.0,0,59,4,2,2020,2
2,0.265282,48.0,3,59,4,1,2020,1
28,0.33,157.0,0,33,4,1,2020,1
12,0.2,75.0,3,59,4,1,2020,1
17,0.12,159.0,5,59,4,1,2020,0
18,0.25,8.5,2,17,4,1,2020,0
7,0.2,190.0,4,59,4,1,2020,0
22,0.13,52.0,4,59,4,1,2020,0
7,0.09,143.0,0,22,4,1,2020,0
27,0.37,157.0,0,59,4,1,2020,0
25,0.09,100.0,4,25,4,1,2020,0
17,0.2,16.0,2,59,4,1,2020,0
28,0.265282,11.0,2,59,4,1,2020,0
7,0.2,50.0,3,7,4,1,2020,0
17,0.25,46.0,4,59,4,1,2020,0
12,0.4,15.0,2,59,4,1,2020,0
7,0.265282,157.0,0,59,4,1,2020,2
23,0.265282,197.0,5,59,4,1,2020,2
23,0.5,62.0,4,59,4,1,2020,2
1,0.265282,46.0,4,59,4,1,2020,2
17,0.6,81.0,4,59,4,1,2020,2
28,0.5,33.0,3,59,4,1,2020,2
15,0.18,227.0,5,59,3,31,2020,2
17,0.3,89.0,4,59,3,31,2020,1
2,0.41,310.0,8,59,3,31,2020,1
27,0.3,467.0,6,59,3,31,2020,1
15,0.37,69.0,5,59,3,31,2020,0
21,0.25,157.0,14,59,3,31,2020,0
17,0.265282,55.0,0,59,3,31,2020,0
22,0.265282,26.0,3,59,3,31,2020,0
8,0.04,91.0,4,59,3,31,2020,0
17,0.14,26.0,3,59,3,31,2020,0
28,0.265282,67.0,4,59,3,31,2020,2
17,0.265282,4.0,1,59,3,31,2020,2
28,0.3,116.0,3,59,3,31,2020,2
10,0.35,8.0,2,59,3,31,2020,2
7,0.265282,157.0,0,59,3,31,2020,2
13,0.265282,130.0,6,59,3,31,2020,2
2,0.3,423.0,7,59,3,30,2020,2
6,0.25,423.0,5,59,3,30,2020,1
28,0.2,48.0,3,22,3,30,2020,1
10,0.3,45.0,2,25,3,30,2020,0
7,0.3,110.0,4,59,3,30,2020,0
18,0.09,77.0,13,59,3,30,2020,0
15,0.1,157.0,0,59,3,30,2020,0
19,0.265282,110.0,6,59,3,30,2020,0
27,0.265282,82.0,2,14,3,30,2020,0
21,0.75,18.0,2,59,3,30,2020,0
23,0.265282,75.0,2,59,3,30,2020,0
9,0.5,15.0,1,59,3,30,2020,0
23,0.265282,31.0,4,59,3,30,2020,2
22,0.39,219.0,3,59,3,29,2020,2
17,1.0,25.0,3,59,3,29,2020,0
2,0.265282,13.0,2,59,3,29,2020,0
28,0.5,47.0,5,22,3,28,2020,2
21,0.265282,2250.0,9,59,3,28,2020,2
23,0.265282,541.0,7,59,3,28,2020,2
0,0.85,3000.0,0,58,3,27,2020,2
27,0.3,623.0,5,59,3,27,2020,2
2,1.0,95.0,0,48,3,27,2020,2
23,0.265282,18.0,0,59,3,27,2020,1
4,0.265282,430.0,6,59,3,27,2020,1
9,0.265282,127.0,4,59,3,27,2020,1
21,0.25,77.0,3,59,3,27,2020,1
21,0.3,560.0,4,59,3,27,2020,1
27,0.25,403.0,5,59,3,27,2020,1
27,0.2,107.0,14,59,3,27,2020,1
7,0.3,201.0,13,7,3,27,2020,1
14,0.265282,133.0,6,59,3,27,2020,1
1,0.265282,12.0,2,59,3,27,2020,0
7,0.1,49.0,3,7,3,27,2020,0
21,0.265282,263.0,4,5,3,27,2020,0
9,0.265282,20.0,1,59,3,27,2020,0
9,0.2,60.0,4,59,3,27,2020,0
22,0.2,41.0,0,59,3,27,2020,0
17,0.265282,25.0,3,59,3,27,2020,0
23,0.265282,68.0,3,59,3,27,2020,0
7,0.265282,157.0,2,5,3,27,2020,2
5,0.265282,157.0,0,59,3,27,2020,2
13,0.265282,273.0,9,59,3,27,2020,2
23,0.5,88.0,4,59,3,26,2020,2
28,0.265282,157.0,0,22,3,26,2020,1
13,0.1,149.0,7,59,3,26,2020,0
6,0.1,149.0,4,7,3,26,2020,0
27,0.265282,123.0,5,59,3,26,2020,0
21,0.75,34.0,3,59,3,26,2020,0
23,0.2,47.0,3,59,3,26,2020,0
19,1.0,5.0,1,59,3,26,2020,0
17,0.4,35.0,3,59,3,26,2020,2
28,0.25,981.0,5,59,3,25,2020,2
21,0.265282,179.1,3,59,3,25,2020,1
20,0.3,157.0,0,7,3,25,2020,1
18,0.15,157.0,0,59,3,25,2020,1
28,0.23,26.0,3,59,3,25,2020,0
17,0.28,48.0,4,59,3,25,2020,0
5,0.75,24.0,2,59,3,25,2020,0
18,0.23,35.0,3,59,3,25,2020,0
20,0.05,233.0,0,59,3,25,2020,0
4,0.265282,22.0,2,59,3,25,2020,0
21,0.265282,5.0,2,59,3,25,2020,2
2,0.3,296.0,5,59,3,25,2020,2
21,0.08,180.0,3,59,3,25,2020,2
23,0.265282,8.0,2,59,3,25,2020,2
28,0.33,359.0,5,59,3,24,2020,2
2,0.265282,157.0,0,59,3,24,2020,1
9,0.67,20.0,3,59,3,24,2020,1
21,0.3,79.0,3,59,3,24,2020,1
28,0.265282,35.0,3,59,3,24,2020,0
23,0.25,157.0,0,7,3,24,2020,2
10,0.4,47.0,0,59,3,24,2020,2
27,0.265282,117.0,5,59,3,24,2020,2
21,0.15,1600.0,8,59,3,23,2020,2
21,0.18,280.0,5,59,3,23,2020,1
23,0.5,2.0,14,59,3,23,2020,1
28,0.22,36.0,3,59,3,23,2020,0
17,0.265282,0.0,14,59,3,23,2020,0
4,0.4,7.0,0,59,3,23,2020,0
22,0.17,48.0,3,59,3,23,2020,0
7,0.25,94.0,4,59,3,23,2020,0
28,0.2,3.0,1,59,3,23,2020,2
23,0.2,70.0,4,59,3,23,2020,2
8,0.265282,164.0,3,59,3,23,2020,2
8,0.98,120.0,14,59,3,20,2020,2
28,0.265282,39.0,3,59,3,20,2020,0
13,0.5,7.0,1,7,3,20,2020,0
18,0.265282,16.0,2,59,3,20,2020,0
28,1.0,5.0,1,59,3,20,2020,2
28,0.265282,526.0,4,59,3,20,2020,2
27,0.265282,214.0,5,22,3,19,2020,1
22,1.0,157.0,0,59,3,19,2020,1
28,0.5,17.0,3,59,3,19,2020,0
28,0.265282,81.0,4,59,3,19,2020,0
25,0.265282,74.0,2,25,3,19,2020,2
8,1.0,13.0,0,59,3,19,2020,2
23,0.265282,0.0,14,59,3,19,2020,2
17,0.2,4.0,1,59,3,18,2020,0
28,0.22,79.0,4,59,3,16,2020,1
26,1.0,6.0,1,59,3,16,2020,0
28,1.0,5.1,1,59,3,16,2020,2
27,0.1,45.0,0,59,3,13,2020,0
2,0.75,1.0,1,59,3,13,2020,0
23,0.4,90.0,4,59,3,12,2020,0
15,0.265282,12.0,2,59,3,11,2020,1
